page_no,drawing_no,drawing_title,unit_code,rev,rev_date,rev_method,rev_confidence,rev_detail,page_kind,rotation,status,issues
1,D00P-00GEN00-M05-0001,P&ID FOR DRAWING LIST,00,B,,GLYPH,HIGH,1 char(s); d=0.0075 ratio=4.64,DRAWING_LIST,0,OK,
2,D00P-00GEN00-M05-0002,P&ID FOR SYMBOLS & LEGENDS 1,00,A,19.SEP.2025,TEXT,HIGH,read from text layer,LEGEND,0,OK,
3,D00P-00GEN00-M05-0003,P&ID FOR SYMBOLS & LEGENDS 2,00,A,,GLYPH,HIGH,1 char(s); d=0.0079 ratio=6.87,LEGEND,0,OK,
4,D00P-00GEN00-M05-0004,P&ID FOR SYMBOLS & LEGENDS 3,00,A,,GLYPH,HIGH,1 char(s); d=0.0079 ratio=6.87,LEGEND,0,OK,
5,D00P-00GEN00-M05-0005,P&ID FOR SYMBOLS & LEGENDS 4,00,A,,GLYPH,HIGH,1 char(s); d=0.0079 ratio=6.87,LEGEND,0,OK,
6,D00P-10LBA10-M05-0001,P&ID FOR HP STEAM SYSTEM GROUP 10,10,C,24.NOV.2025,TEXT,HIGH,read from text layer,PID,0,OK,
7,D00P-10LBC40-M05-0001,P&ID FOR CRH STEAM SYSTEM GROUP 10,10,A,19.SEP.2025,TEXT,HIGH,read from text layer,PID,270,OK,
8,D00P-10LBC50-M05-0001,P&ID FOR HRH STEAM SYSTEM GROUP 10,10,C,24.NOV.2025,TEXT,HIGH,read from text layer,PID,0,OK,
9,D00P-10LBA30-M05-0001,P&ID FOR LP STEAM SYSTEM GROUP 10,10,A,19.SEP.2025,TEXT,HIGH,read from text layer,PID,0,OK,
10,D00P-10MAN10-M05-0001,P&ID FOR BYPASS STEAM SYSTEM GROUP 10 (1 OF 2),10,C,24.NOV.2025,TEXT,HIGH,read from text layer,PID,0,OK,
11,D00P-10MAN10-M05-0002,P&ID FOR BYPASS STEAM SYSTEM GROUP 10 (2 OF 2),10,C,,GLYPH,HIGH,1 char(s); d=0.0088 ratio=5.05,PID,0,OK,
12,D00P-10LBG10-M05-0001,P&ID FOR AUXILIARY STEAM SYSTEM GROUP 10,10,B,01.OCT.2025,TEXT,HIGH,read from text layer,PID,0,OK,
13,D00P-11LCQ10-M05-0001,P&ID FOR HRSG BLOWDOWN SYSTEM UNIT 11,11,A,,GLYPH,HIGH,1 char(s); d=0.0083 ratio=6.57,PID,0,OK,
14,D00P-10LCM10-M05-0001,P&ID FOR CLEAN DRAIN SYSTEM FOR GROUP 10,10,B,16.OCT.2025,TEXT,HIGH,read from text layer,PID,0,OK,
15,D00P-10LBG10-M05-0001,P&ID FOR GT FLASH PIPE SYSTEM UNIT 11,10,A,,GLYPH,HIGH,1 char(s); d=0.0079 ratio=6.92,PID,0,OK,
16,D00P-10LCA10-M05-0001,P&ID FOR CONDENSATE SYSTEM GROUP 10 (1 OF 2),10,C,,GLYPH,HIGH,1 char(s); d=0.0074 ratio=6.06,PID,0,OK,
17,D00P-10LCA10-M05-0002,P&ID FOR CONDENSATE SYSTEM GROUP 10 (2 OF 2),10,C,,GLYPH,HIGH,1 char(s); d=0.0084 ratio=5.17,PID,0,OK,
18,D00P-10MAJ10-M05-0001,P&ID FOR CONDENSER AIR REMOVAL SYSTEM GROUP 10,10,A,,GLYPH,HIGH,1 char(s); d=0.0079 ratio=6.87,PID,0,OK,
19,D00P-10PUE00-M05-0001,P&ID FOR CONDENSER WATERBOX AIR REMOVAL SYSTEM GROUP 10,10,A,,GLYPH,HIGH,1 char(s); d=0.0074 ratio=7.37,PID,0,OK,
20,D00P-11LAB00-M05-0001,P&ID FOR HRSG FEEDWATER SYSTEM UNIT 11,11,A,,TEXT,HIGH,read from text layer,PID,0,OK,
21,D00P-11LAC10-M05-0001,P&ID FOR FGH & TCA COOLING SYSTEM UNIT 11,11,B,,GLYPH,HIGH,1 char(s); d=0.0057 ratio=6.01,PID,0,OK,
22,D00P-00EKG10-M05-0001,P&ID FOR FUEL GAS SUPPLY SYSTEM (1 OF 3),00,B,,GLYPH,HIGH,1 char(s); d=0.0062 ratio=5.58,PID,0,OK,
23,D00P-00EKG10-M05-0002,P&ID FOR FUEL GAS SUPPLY SYSTEM (2 OF 3),00,B,,GLYPH,HIGH,1 char(s); d=0.0056 ratio=5.88,PID,0,OK,
24,D00P-00EKG10-M05-0003,P&ID FOR FUEL GAS SUPPLY SYSTEM (3 OF 3),00,C,,GLYPH,HIGH,1 char(s); d=0.0093 ratio=4.76,PID,0,OK,
25,D00P-11EKG10-M05-0001,P&ID FOR GT FUEL GAS SUPPLY SYSTEM,11,C,,GLYPH,HIGH,1 char(s); d=0.0092 ratio=4.75,PID,0,OK,
26,D00P-00PAB10-M05-0001,P&ID FOR SEAWATER INTAKE SYSTEM (1 OF 3),00,D,,GLYPH,HIGH,1 char(s); d=0.0051 ratio=6.30,PID,0,OK,
27,D00P-00PAB10-M05-0002,P&ID FOR SEAWATER INTAKE SYSTEM (2 OF 3),00,D,,GLYPH,HIGH,1 char(s); d=0.0055 ratio=5.80,PID,0,OK,
28,D00P-00PAB10-M05-0003,P&ID FOR SEAWATER INTAKE SYSTEM (3 OF 3),00,D,,GLYPH,HIGH,1 char(s); d=0.0063 ratio=5.26,PID,0,OK,
29,D00P-00PAB10-M05-0004,P&ID FOR SEAL PIT SYSTEM,00,C,,GLYPH,HIGH,1 char(s); d=0.0073 ratio=6.00,PID,0,OK,
30,D00P-10PAC10-M05-0001,P&ID FOR CIRCULATING WATER SYSTEM FOR GROUP 10,10,D,24.NOV.2025,TEXT,HIGH,read from text layer,PID,0,OK,
31,D00P-10PCB10-M05-0001,P&ID FOR AUX. COOLING WATER SYSTEM FOR GROUP 10,10,D,,GLYPH,HIGH,1 char(s); d=0.0065 ratio=4.90,PID,0,OK,
32,D00P-00EGD00-M05-0001,P&ID FOR FUEL OIL SUPPLY SYSTEM (1/2),00,C,,GLYPH,HIGH,1 char(s); d=0.0104 ratio=4.10,PID,0,OK,
33,D00P-00EGD00-M05-0002,P&ID FOR FUEL OIL SUPPLY SYSTEM (2/2),00,D,,GLYPH,HIGH,1 char(s); d=0.0064 ratio=5.02,PID,0,OK,
34,D00P-11EGD00-M05-0001,P&ID FOR GT FUEL OIL SUPPLY SYSTEM,11,B,,GLYPH,HIGH,1 char(s); d=0.0059 ratio=5.65,PID,0,OK,
35,D00P-10PGB10-M05-0001,P&ID FOR CLOSED COOLING WATER SYSTEM GROUP 10 (1 OF 7),10,C,,GLYPH,HIGH,1 char(s); d=0.0074 ratio=5.77,PID,0,OK,
36,D00P-10PGB10-M05-0002,P&ID FOR CLOSED COOLING WATER SYSTEM GROUP 10 (2 OF 7),10,B,,GLYPH,HIGH,1 char(s); d=0.0074 ratio=4.72,PID,0,OK,
37,D00P-10PGB10-M05-0003,P&ID FOR CLOSED COOLING WATER SYSTEM GROUP 10 (3 OF 7),10,B,,GLYPH,HIGH,1 char(s); d=0.0074 ratio=4.72,PID,0,OK,
38,D00P-10PGB10-M05-0004,P&ID FOR CLOSED COOLING WATER SYSTEM GROUP 10 (4 OF 7),10,B,,GLYPH,HIGH,1 char(s); d=0.0068 ratio=5.14,PID,0,OK,
39,D00P-10PGB10-M05-0005,P&ID FOR CLOSED COOLING WATER SYSTEM GROUP 10 (5 OF 7),10,B,,GLYPH,HIGH,1 char(s); d=0.0060 ratio=5.62,PID,0,OK,
40,D00P-10PGB10-M05-0006,P&ID FOR CLOSED COOLING WATER SYSTEM GROUP 10 (6 OF 7),10,B,,GLYPH,HIGH,1 char(s); d=0.0064 ratio=5.34,PID,0,OK,
41,D00P-10PGB10-M05-0007,P&ID FOR CLOSED COOLING WATER SYSTEM GROUP 10 (7 OF 7),10,B,,GLYPH,HIGH,1 char(s); d=0.0064 ratio=5.34,PID,0,OK,
42,D00P-10QFA10-M05-0001,P&ID FOR COMPRESSED AIR SYSTEM,10,D,,GLYPH,HIGH,1 char(s); d=0.0067 ratio=5.20,PID,0,OK,
43,D00P-10QFB10-M05-0001,P&ID FOR INSTRUMENT AIR DISTRIBUTION SYSTEM,10,C,,GLYPH,HIGH,1 char(s); d=0.0094 ratio=4.64,PID,0,OK,
44,D00P-00SCB10-M05-0001,P&ID FOR SERVICE AIR DISTRIBUTION SYSTEM,00,C,,GLYPH,HIGH,1 char(s); d=0.0085 ratio=5.26,PID,0,OK,
45,D00P-00QJA10-M05-0001,P&ID FOR SERVICE GAS SYSTEM,00,B,,GLYPH,HIGH,1 char(s); d=0.0057 ratio=6.01,PID,0,OK,
46,D00P-00GHC10-M05-0001,P&ID FOR DESAL. WATER SUPPLY SYSTEM,00,C,,GLYPH,HIGH,1 char(s); d=0.0093 ratio=4.67,PID,0,OK,
47,D00P-00GHC10-M05-0001,P&ID FOR DEMINERALIZED WATER DISTRIBUTION SYSTEM (1 OF 2),00,B,,GLYPH,HIGH,1 char(s); d=0.0052 ratio=6.30,PID,0,OK,
48,D00P-00GHC10-M05-0002,P&ID FOR DEMINERALIZED WATER DISTRIBUTION SYSTEM (2/2),00,A1,,GLYPH,HIGH,"2 char(s); d=0.0897,0.0058 ratio=4.72,81.45",PID,270,OK,
49,D00P-00GHB10-M05-0001,P&ID FOR SERVICE WATER DISTRIBUTION SYSTEM (1 OF 2),00,B,,GLYPH,HIGH,1 char(s); d=0.0074 ratio=4.72,PID,0,OK,
50,D00P-00GHB10-M05-0002,P&ID FOR SERVICE WATER DISTRIBUTION SYSTEM (2 OF 2),00,B,,GLYPH,HIGH,1 char(s); d=0.0059 ratio=5.94,PID,0,OK,
51,D00P-00GKB10-M05-0001,P&ID FOR POTABLE WATER SUPPLY SYSTEM,00,B,,GLYPH,HIGH,1 char(s); d=0.0064 ratio=5.34,PID,0,OK,
52,D00P-00GMA10-M05-0001,P&ID FOR CHEMICAL WASTE WATER TRANSFER SYSTEM,00,A,,GLYPH,HIGH,1 char(s); d=0.0087 ratio=6.36,PID,0,OK,
53,D00P-00GMB10-M05-0001,P&ID FOR OILY WASTE WATER TRANSFER SYSTEM (1 OF 2),00,A,,GLYPH,HIGH,1 char(s); d=0.0079 ratio=6.87,PID,0,OK,
54,D00P-00GMB10-M05-0002,P&ID FOR OILY WASTE WATER TRANSFER SYSTEM (2 OF 2),00,A,,GLYPH,HIGH,1 char(s); d=0.0080 ratio=7.16,PID,0,OK,
55,D00P-00GMA10-M05-0001,P&ID FOR WASTE WATER TRANSFER SYSTEM (SEA WATER / STORM WATER),00,B,,GLYPH,HIGH,1 char(s); d=0.0064 ratio=5.34,PID,0,OK,
56,D00P-00GQA10-M05-0001,P&ID FOR SANITARY SEWER TRANSFER SYSTEM,00,C,,GLYPH,HIGH,1 char(s); d=0.0079 ratio=5.56,PID,0,OK,
57,D00P-00QCA00-M05-0001,P&ID FOR CHEMICAL DOSING SYSTEM,00,C,,GLYPH,HIGH,1 char(s); d=0.0083 ratio=5.16,PID,0,OK,
58,D00P-11QUA10-M05-0001,P&ID FOR SAMPLING SYSTEM UNIT 11,11,A,,GLYPH,HIGH,1 char(s); d=0.0103 ratio=5.54,PID,0,OK,
