페이지,도면번호,탭,TYPE,열,이전값,새값,근거,어느 단계,행 키
6,D00P-10LBA10-M05-0001,FIELD,TIT,description,UNIT #11 HP STEAM TEMPERATURE,UNIT #11 HP STEAM TEMPERATURE A,같은 도면에 같은 문장 5행 · 위→아래 · 좌→우 A번째 · 붙이지 않음 — 이 도면의 테두리 그리드가 텍스트가 아니고 글리프 사전에 E~H·2~8 이 없다,C-1 중복 순번,0496c0be022bd8d2
6,D00P-10LBA10-M05-0001,FIELD,TIT,description,UNIT #10 HP STEAM TEMPERATURE,UNIT #10 HP STEAM TEMPERATURE B,같은 도면에 같은 문장 2행 · 위→아래 · 좌→우 B번째 · 붙이지 않음 — 이 도면의 테두리 그리드가 텍스트가 아니고 글리프 사전에 E~H·2~8 이 없다,C-1 중복 순번,0e96b25afd3ef9aa
6,D00P-10LBA10-M05-0001,FIELD,TIT,description,UNIT #11 HP STEAM TEMPERATURE,UNIT #11 HP STEAM TEMPERATURE D,같은 도면에 같은 문장 5행 · 위→아래 · 좌→우 D번째 · 붙이지 않음 — 이 도면의 테두리 그리드가 텍스트가 아니고 글리프 사전에 E~H·2~8 이 없다,C-1 중복 순번,311eac50402e48c3
6,D00P-10LBA10-M05-0001,FIELD,TIT,description,UNIT #12 HP STEAM TEMPERATURE,UNIT #12 HP STEAM TEMPERATURE B,같은 도면에 같은 문장 3행 · 위→아래 · 좌→우 B번째 · 붙이지 않음 — 이 도면의 테두리 그리드가 텍스트가 아니고 글리프 사전에 E~H·2~8 이 없다,C-1 중복 순번,44d2e50a7e81229c
6,D00P-10LBA10-M05-0001,FIELD,TIT,description,UNIT #11 HP STEAM TEMPERATURE,UNIT #11 HP STEAM TEMPERATURE C,같은 도면에 같은 문장 5행 · 위→아래 · 좌→우 C번째 · 붙이지 않음 — 이 도면의 테두리 그리드가 텍스트가 아니고 글리프 사전에 E~H·2~8 이 없다,C-1 중복 순번,6688e56fcb86a134
6,D00P-10LBA10-M05-0001,FIELD,TIT,description,UNIT #11 HP STEAM TEMPERATURE,UNIT #11 HP STEAM TEMPERATURE E,같은 도면에 같은 문장 5행 · 위→아래 · 좌→우 E번째 · 붙이지 않음 — 이 도면의 테두리 그리드가 텍스트가 아니고 글리프 사전에 E~H·2~8 이 없다,C-1 중복 순번,77713b4c6e472e01
6,D00P-10LBA10-M05-0001,FIELD,TIT,description,UNIT #10 HP STEAM TEMPERATURE,UNIT #10 HP STEAM TEMPERATURE A,같은 도면에 같은 문장 2행 · 위→아래 · 좌→우 A번째 · 붙이지 않음 — 이 도면의 테두리 그리드가 텍스트가 아니고 글리프 사전에 E~H·2~8 이 없다,C-1 중복 순번,a54d37d1f3cdffe5
6,D00P-10LBA10-M05-0001,FIELD,TIT,description,UNIT #11 HP STEAM TEMPERATURE,UNIT #11 HP STEAM TEMPERATURE B,같은 도면에 같은 문장 5행 · 위→아래 · 좌→우 B번째 · 붙이지 않음 — 이 도면의 테두리 그리드가 텍스트가 아니고 글리프 사전에 E~H·2~8 이 없다,C-1 중복 순번,ad62537ea0594f92
6,D00P-10LBA10-M05-0001,FIELD,TIT,description,UNIT #12 HP STEAM TEMPERATURE,UNIT #12 HP STEAM TEMPERATURE C,같은 도면에 같은 문장 3행 · 위→아래 · 좌→우 C번째 · 붙이지 않음 — 이 도면의 테두리 그리드가 텍스트가 아니고 글리프 사전에 E~H·2~8 이 없다,C-1 중복 순번,d91fcc2b3fc00518
6,D00P-10LBA10-M05-0001,FIELD,TIT,description,UNIT #12 HP STEAM TEMPERATURE,UNIT #12 HP STEAM TEMPERATURE A,같은 도면에 같은 문장 3행 · 위→아래 · 좌→우 A번째 · 붙이지 않음 — 이 도면의 테두리 그리드가 텍스트가 아니고 글리프 사전에 E~H·2~8 이 없다,C-1 중복 순번,e759f83d0dd7bd91
7,D00P-10LBC40-M05-0001,FIELD,LS,description,UNIT #11 CRH STEAM TO FLASH BOX HRSG#11 BD TANK LEVEL HIGH,UNIT #11 CRH STEAM TO FLASH BOX HRSG#11 BD TANK LEVEL HIGH B,같은 도면에 같은 문장 2행 · 위→아래 · 좌→우 B번째 · 붙이지 않음 — 이 도면의 테두리 그리드가 텍스트가 아니고 글리프 사전에 E~H·2~8 이 없다,C-1 중복 순번,416e34c7ac998ee1
7,D00P-10LBC40-M05-0001,FIELD,PIT,description,UNIT #11 CRH STEAM PRESSURE,UNIT #11 CRH STEAM PRESSURE A,같은 도면에 같은 문장 2행 · 위→아래 · 좌→우 A번째 · 붙이지 않음 — 이 도면의 테두리 그리드가 텍스트가 아니고 글리프 사전에 E~H·2~8 이 없다,C-1 중복 순번,515cf688c129d46a
7,D00P-10LBC40-M05-0001,FIELD,LS,description,UNIT #11 CRH STEAM TO FLASH BOX HRSG#11 BD TANK LEVEL HIGH,UNIT #11 CRH STEAM TO FLASH BOX HRSG#11 BD TANK LEVEL HIGH A,같은 도면에 같은 문장 2행 · 위→아래 · 좌→우 A번째 · 붙이지 않음 — 이 도면의 테두리 그리드가 텍스트가 아니고 글리프 사전에 E~H·2~8 이 없다,C-1 중복 순번,d7468b74862f8e47
7,D00P-10LBC40-M05-0001,FIELD,PIT,description,UNIT #11 CRH STEAM PRESSURE,UNIT #11 CRH STEAM PRESSURE B,같은 도면에 같은 문장 2행 · 위→아래 · 좌→우 B번째 · 붙이지 않음 — 이 도면의 테두리 그리드가 텍스트가 아니고 글리프 사전에 E~H·2~8 이 없다,C-1 중복 순번,ff412920fbe0c9c3
8,D00P-10LBC50-M05-0001,FIELD,TIT,description,UNIT #11 HRH STEAM TEMPERATURE,UNIT #11 HRH STEAM TEMPERATURE D,같은 도면에 같은 문장 4행 · 위→아래 · 좌→우 D번째 · 붙이지 않음 — 이 도면의 테두리 그리드가 텍스트가 아니고 글리프 사전에 E~H·2~8 이 없다,C-1 중복 순번,02181d502c503ff9
8,D00P-10LBC50-M05-0001,FIELD,TIT,description,UNIT #12 HRH STEAM TEMPERATURE,UNIT #12 HRH STEAM TEMPERATURE C,같은 도면에 같은 문장 4행 · 위→아래 · 좌→우 C번째 · 붙이지 않음 — 이 도면의 테두리 그리드가 텍스트가 아니고 글리프 사전에 E~H·2~8 이 없다,C-1 중복 순번,325e87ac61cd6979
8,D00P-10LBC50-M05-0001,FIELD,TIT,description,UNIT #11 HRH STEAM TEMPERATURE,UNIT #11 HRH STEAM TEMPERATURE A,같은 도면에 같은 문장 4행 · 위→아래 · 좌→우 A번째 · 붙이지 않음 — 이 도면의 테두리 그리드가 텍스트가 아니고 글리프 사전에 E~H·2~8 이 없다,C-1 중복 순번,3d16470c39d4ad7c
8,D00P-10LBC50-M05-0001,FIELD,PIT,description,UNIT #12 HRH STEAM PRESSURE,UNIT #12 HRH STEAM PRESSURE A,같은 도면에 같은 문장 2행 · 위→아래 · 좌→우 A번째 · 붙이지 않음 — 이 도면의 테두리 그리드가 텍스트가 아니고 글리프 사전에 E~H·2~8 이 없다,C-1 중복 순번,4ab3d3f2e49750f7
8,D00P-10LBC50-M05-0001,FIELD,TIT,description,UNIT #12 HRH STEAM TEMPERATURE,UNIT #12 HRH STEAM TEMPERATURE D,같은 도면에 같은 문장 4행 · 위→아래 · 좌→우 D번째 · 붙이지 않음 — 이 도면의 테두리 그리드가 텍스트가 아니고 글리프 사전에 E~H·2~8 이 없다,C-1 중복 순번,67d7a8cb136dfaff
8,D00P-10LBC50-M05-0001,FIELD,TIT,description,UNIT #11 HRH STEAM TEMPERATURE,UNIT #11 HRH STEAM TEMPERATURE C,같은 도면에 같은 문장 4행 · 위→아래 · 좌→우 C번째 · 붙이지 않음 — 이 도면의 테두리 그리드가 텍스트가 아니고 글리프 사전에 E~H·2~8 이 없다,C-1 중복 순번,6851c1c2cf826186
8,D00P-10LBC50-M05-0001,FIELD,TIT,description,UNIT #12 HRH STEAM TEMPERATURE,UNIT #12 HRH STEAM TEMPERATURE A,같은 도면에 같은 문장 4행 · 위→아래 · 좌→우 A번째 · 붙이지 않음 — 이 도면의 테두리 그리드가 텍스트가 아니고 글리프 사전에 E~H·2~8 이 없다,C-1 중복 순번,7854f45ef059b7ba
8,D00P-10LBC50-M05-0001,FIELD,TIT,description,UNIT #11 HRH STEAM TEMPERATURE,UNIT #11 HRH STEAM TEMPERATURE B,같은 도면에 같은 문장 4행 · 위→아래 · 좌→우 B번째 · 붙이지 않음 — 이 도면의 테두리 그리드가 텍스트가 아니고 글리프 사전에 E~H·2~8 이 없다,C-1 중복 순번,98bf3aed2c1a53df
8,D00P-10LBC50-M05-0001,FIELD,TIT,description,UNIT #12 HRH STEAM TEMPERATURE,UNIT #12 HRH STEAM TEMPERATURE B,같은 도면에 같은 문장 4행 · 위→아래 · 좌→우 B번째 · 붙이지 않음 — 이 도면의 테두리 그리드가 텍스트가 아니고 글리프 사전에 E~H·2~8 이 없다,C-1 중복 순번,b274f8b1b55a06b3
8,D00P-10LBC50-M05-0001,FIELD,PIT,description,UNIT #12 HRH STEAM PRESSURE,UNIT #12 HRH STEAM PRESSURE B,같은 도면에 같은 문장 2행 · 위→아래 · 좌→우 B번째 · 붙이지 않음 — 이 도면의 테두리 그리드가 텍스트가 아니고 글리프 사전에 E~H·2~8 이 없다,C-1 중복 순번,fe1051ef674a0cca
9,D00P-10LBA30-M05-0001,FIELD,LS,description,UNIT #10 LP STEAM TO CLEAN DRAIN TANK LEVEL HIGH HIGH,UNIT #10 LP STEAM TO CLEAN DRAIN TANK LEVEL HIGH HIGH A,같은 도면에 같은 문장 2행 · 위→아래 · 좌→우 A번째 · 붙이지 않음 — 이 도면의 테두리 그리드가 텍스트가 아니고 글리프 사전에 E~H·2~8 이 없다,C-1 중복 순번,2fce9658fb7ccc10
9,D00P-10LBA30-M05-0001,FIELD,LS,description,UNIT #11 LP STEAM TO HRSG#11 BD TANK LEVEL HIGH,UNIT #11 LP STEAM TO HRSG#11 BD TANK LEVEL HIGH B,같은 도면에 같은 문장 2행 · 위→아래 · 좌→우 B번째 · 붙이지 않음 — 이 도면의 테두리 그리드가 텍스트가 아니고 글리프 사전에 E~H·2~8 이 없다,C-1 중복 순번,358dee802af7724c
9,D00P-10LBA30-M05-0001,FIELD,LS,description,UNIT #11 LP STEAM TO HRSG#11 BD TANK LEVEL HIGH,UNIT #11 LP STEAM TO HRSG#11 BD TANK LEVEL HIGH A,같은 도면에 같은 문장 2행 · 위→아래 · 좌→우 A번째 · 붙이지 않음 — 이 도면의 테두리 그리드가 텍스트가 아니고 글리프 사전에 E~H·2~8 이 없다,C-1 중복 순번,54bd273c1f69298a
9,D00P-10LBA30-M05-0001,FIELD,LS,description,UNIT #11 LP STEAM TO HRSG#11 BD TANK LEVEL HIGH HIGH,UNIT #11 LP STEAM TO HRSG#11 BD TANK LEVEL HIGH HIGH B,같은 도면에 같은 문장 2행 · 위→아래 · 좌→우 B번째 · 붙이지 않음 — 이 도면의 테두리 그리드가 텍스트가 아니고 글리프 사전에 E~H·2~8 이 없다,C-1 중복 순번,6e2a667197b8241f
9,D00P-10LBA30-M05-0001,FIELD,LS,description,UNIT #10 LP STEAM TO CLEAN DRAIN TANK LEVEL HIGH HIGH,UNIT #10 LP STEAM TO CLEAN DRAIN TANK LEVEL HIGH HIGH B,같은 도면에 같은 문장 2행 · 위→아래 · 좌→우 B번째 · 붙이지 않음 — 이 도면의 테두리 그리드가 텍스트가 아니고 글리프 사전에 E~H·2~8 이 없다,C-1 중복 순번,82b7bc3cf94755c8
9,D00P-10LBA30-M05-0001,FIELD,LS,description,UNIT #11 LP STEAM TO HRSG#11 BD TANK LEVEL HIGH HIGH,UNIT #11 LP STEAM TO HRSG#11 BD TANK LEVEL HIGH HIGH A,같은 도면에 같은 문장 2행 · 위→아래 · 좌→우 A번째 · 붙이지 않음 — 이 도면의 테두리 그리드가 텍스트가 아니고 글리프 사전에 E~H·2~8 이 없다,C-1 중복 순번,f33c1c0ac6ea5bd1
10,D00P-10MAN10-M05-0001,FIELD,LS,description,UNIT #11 LP BYPASS VALVE LEVEL,UNIT #11 LP BYPASS VALVE LEVEL B,같은 도면에 같은 문장 2행 · 위→아래 · 좌→우 B번째 · 붙이지 않음 — 이 도면의 테두리 그리드가 텍스트가 아니고 글리프 사전에 E~H·2~8 이 없다,C-1 중복 순번,0ddf49d6a117e666
10,D00P-10MAN10-M05-0001,FIELD,LS,description,UNIT #11 LP BYPASS VALVE LEVEL,UNIT #11 LP BYPASS VALVE LEVEL A,같은 도면에 같은 문장 2행 · 위→아래 · 좌→우 A번째 · 붙이지 않음 — 이 도면의 테두리 그리드가 텍스트가 아니고 글리프 사전에 E~H·2~8 이 없다,C-1 중복 순번,d82c176fd1bf6961
11,D00P-10MAN10-M05-0002,FIELD,LS,description,UNIT #12 LP BYPASS VALVE LEVEL,UNIT #12 LP BYPASS VALVE LEVEL B,같은 도면에 같은 문장 2행 · 위→아래 · 좌→우 B번째 · 붙이지 않음 — 이 도면의 테두리 그리드가 텍스트가 아니고 글리프 사전에 E~H·2~8 이 없다,C-1 중복 순번,0f156712d24ff43c
11,D00P-10MAN10-M05-0002,FIELD,FIT,description,UNIT #12 BYPASS STEAM FLOW,UNIT #12 BYPASS STEAM FLOW B,같은 도면에 같은 문장 5행 · 위→아래 · 좌→우 B번째 · 붙이지 않음 — 이 도면의 테두리 그리드가 텍스트가 아니고 글리프 사전에 E~H·2~8 이 없다,C-1 중복 순번,11c6d6e5f4a9d133
11,D00P-10MAN10-M05-0002,FIELD,FE,description,UNIT #12 BYPASS STEAM FLOW ELEMENT,UNIT #12 BYPASS STEAM FLOW ELEMENT A,같은 도면에 같은 문장 3행 · 위→아래 · 좌→우 A번째 · 붙이지 않음 — 이 도면의 테두리 그리드가 텍스트가 아니고 글리프 사전에 E~H·2~8 이 없다,C-1 중복 순번,436653aa73b242d1
11,D00P-10MAN10-M05-0002,FIELD,FIT,description,UNIT #12 BYPASS STEAM FLOW,UNIT #12 BYPASS STEAM FLOW D,같은 도면에 같은 문장 5행 · 위→아래 · 좌→우 D번째 · 붙이지 않음 — 이 도면의 테두리 그리드가 텍스트가 아니고 글리프 사전에 E~H·2~8 이 없다,C-1 중복 순번,509f93c22af79eba
11,D00P-10MAN10-M05-0002,PNEUMATIC,GLOBE,description,FROM CEP GLOBE VALVE,FROM CEP GLOBE VALVE C,같은 도면에 같은 문장 3행 · 위→아래 · 좌→우 C번째 · 붙이지 않음 — 이 도면의 테두리 그리드가 텍스트가 아니고 글리프 사전에 E~H·2~8 이 없다,C-1 중복 순번,6e7de0615f787efa
11,D00P-10MAN10-M05-0002,FIELD,LS,description,UNIT #12 LP BYPASS VALVE LEVEL,UNIT #12 LP BYPASS VALVE LEVEL A,같은 도면에 같은 문장 2행 · 위→아래 · 좌→우 A번째 · 붙이지 않음 — 이 도면의 테두리 그리드가 텍스트가 아니고 글리프 사전에 E~H·2~8 이 없다,C-1 중복 순번,7fcba13954813c63
11,D00P-10MAN10-M05-0002,FIELD,FE,description,UNIT #12 BYPASS STEAM FLOW ELEMENT,UNIT #12 BYPASS STEAM FLOW ELEMENT C,같은 도면에 같은 문장 3행 · 위→아래 · 좌→우 C번째 · 붙이지 않음 — 이 도면의 테두리 그리드가 텍스트가 아니고 글리프 사전에 E~H·2~8 이 없다,C-1 중복 순번,9c5fa5a9beaf7e9e
11,D00P-10MAN10-M05-0002,FIELD,FE,description,UNIT #12 BYPASS STEAM FLOW ELEMENT,UNIT #12 BYPASS STEAM FLOW ELEMENT B,같은 도면에 같은 문장 3행 · 위→아래 · 좌→우 B번째 · 붙이지 않음 — 이 도면의 테두리 그리드가 텍스트가 아니고 글리프 사전에 E~H·2~8 이 없다,C-1 중복 순번,9e9a62e73a78d741
11,D00P-10MAN10-M05-0002,PNEUMATIC,GLOBE,description,FROM CEP GLOBE VALVE,FROM CEP GLOBE VALVE A,같은 도면에 같은 문장 3행 · 위→아래 · 좌→우 A번째 · 붙이지 않음 — 이 도면의 테두리 그리드가 텍스트가 아니고 글리프 사전에 E~H·2~8 이 없다,C-1 중복 순번,d15dca500c43b845
11,D00P-10MAN10-M05-0002,PNEUMATIC,GLOBE,description,FROM CEP GLOBE VALVE,FROM CEP GLOBE VALVE B,같은 도면에 같은 문장 3행 · 위→아래 · 좌→우 B번째 · 붙이지 않음 — 이 도면의 테두리 그리드가 텍스트가 아니고 글리프 사전에 E~H·2~8 이 없다,C-1 중복 순번,da44972e3f07a827
11,D00P-10MAN10-M05-0002,FIELD,FIT,description,UNIT #12 BYPASS STEAM FLOW,UNIT #12 BYPASS STEAM FLOW A,같은 도면에 같은 문장 5행 · 위→아래 · 좌→우 A번째 · 붙이지 않음 — 이 도면의 테두리 그리드가 텍스트가 아니고 글리프 사전에 E~H·2~8 이 없다,C-1 중복 순번,e1b5c722fad0142e
11,D00P-10MAN10-M05-0002,FIELD,FIT,description,UNIT #12 BYPASS STEAM FLOW,UNIT #12 BYPASS STEAM FLOW E,같은 도면에 같은 문장 5행 · 위→아래 · 좌→우 E번째 · 붙이지 않음 — 이 도면의 테두리 그리드가 텍스트가 아니고 글리프 사전에 E~H·2~8 이 없다,C-1 중복 순번,e959969381516997
11,D00P-10MAN10-M05-0002,FIELD,FIT,description,UNIT #12 BYPASS STEAM FLOW,UNIT #12 BYPASS STEAM FLOW C,같은 도면에 같은 문장 5행 · 위→아래 · 좌→우 C번째 · 붙이지 않음 — 이 도면의 테두리 그리드가 텍스트가 아니고 글리프 사전에 E~H·2~8 이 없다,C-1 중복 순번,fe644d26d9f711f0
12,D00P-10LBG10-M05-0001,FIELD,LS,description,UNIT #10 AUX STEAM LETDOWN VALVE LEVEL,UNIT #10 AUX STEAM LETDOWN VALVE LEVEL A,같은 도면에 같은 문장 2행 · 위→아래 · 좌→우 A번째 · 붙이지 않음 — 이 도면의 테두리 그리드가 텍스트가 아니고 글리프 사전에 E~H·2~8 이 없다,C-1 중복 순번,564f85a4ea9c767f
12,D00P-10LBG10-M05-0001,FIELD,LS,description,UNIT #10 AUX STEAM LETDOWN VALVE LEVEL,UNIT #10 AUX STEAM LETDOWN VALVE LEVEL B,같은 도면에 같은 문장 2행 · 위→아래 · 좌→우 B번째 · 붙이지 않음 — 이 도면의 테두리 그리드가 텍스트가 아니고 글리프 사전에 E~H·2~8 이 없다,C-1 중복 순번,8d790edece9663ba
14,D00P-10LCM10-M05-0001,MOV,GLOBE,description,TO BLOCK #10 CONDENSER GLOBE VALVE,TO BLOCK #10 CONDENSER GLOBE VALVE B,같은 도면에 같은 문장 3행 · 위→아래 · 좌→우 B번째 · 붙이지 않음 — 이 도면의 테두리 그리드가 텍스트가 아니고 글리프 사전에 E~H·2~8 이 없다,C-1 중복 순번,107fa619361e5f94
14,D00P-10LCM10-M05-0001,FIELD,LIT,description,UNIT #10 CLEAN DRAIN TANK LEVEL,UNIT #10 CLEAN DRAIN TANK LEVEL A,같은 도면에 같은 문장 2행 · 위→아래 · 좌→우 A번째 · 붙이지 않음 — 이 도면의 테두리 그리드가 텍스트가 아니고 글리프 사전에 E~H·2~8 이 없다,C-1 중복 순번,1b0bb0d50c6baae0
14,D00P-10LCM10-M05-0001,PNEUMATIC,GLOBE,description,TO BLOCK #10 CONDENSER GLOBE VALVE,TO BLOCK #10 CONDENSER GLOBE VALVE C,같은 도면에 같은 문장 3행 · 위→아래 · 좌→우 C번째 · 붙이지 않음 — 이 도면의 테두리 그리드가 텍스트가 아니고 글리프 사전에 E~H·2~8 이 없다,C-1 중복 순번,3443b00c0676d288
14,D00P-10LCM10-M05-0001,FIELD,LIT,description,UNIT #10 CLEAN DRAIN TANK LEVEL,UNIT #10 CLEAN DRAIN TANK LEVEL B,같은 도면에 같은 문장 2행 · 위→아래 · 좌→우 B번째 · 붙이지 않음 — 이 도면의 테두리 그리드가 텍스트가 아니고 글리프 사전에 E~H·2~8 이 없다,C-1 중복 순번,b82cfe4ac8cd8f7e
14,D00P-10LCM10-M05-0001,MOV,GLOBE,description,TO BLOCK #10 CONDENSER GLOBE VALVE,TO BLOCK #10 CONDENSER GLOBE VALVE A,같은 도면에 같은 문장 3행 · 위→아래 · 좌→우 A번째 · 붙이지 않음 — 이 도면의 테두리 그리드가 텍스트가 아니고 글리프 사전에 E~H·2~8 이 없다,C-1 중복 순번,d7d641a3231ebb66
16,D00P-10LCA10-M05-0001,FIELD,RO,description,UNIT #10 CONDENSATE GRUOP CONDENSER RESTRICTION ORIFICE,UNIT #10 CONDENSATE GRUOP CONDENSER RESTRICTION ORIFICE A,같은 도면에 같은 문장 3행 · 위→아래 · 좌→우 A번째 · 붙이지 않음 — 이 도면의 테두리 그리드가 텍스트가 아니고 글리프 사전에 E~H·2~8 이 없다,C-1 중복 순번,4edb74f7bedd7b92
16,D00P-10LCA10-M05-0001,FIELD,LIT,description,UNIT #12 CONDENSATE CEP MINIMUM FLOW RECIRCULATION LEVEL,UNIT #12 CONDENSATE CEP MINIMUM FLOW RECIRCULATION LEVEL A,같은 도면에 같은 문장 2행 · 위→아래 · 좌→우 A번째 · 붙이지 않음 — 이 도면의 테두리 그리드가 텍스트가 아니고 글리프 사전에 E~H·2~8 이 없다,C-1 중복 순번,58c99f2c08aeae21
16,D00P-10LCA10-M05-0001,FIELD,LIT,description,UNIT #12 CONDENSATE CEP MINIMUM FLOW RECIRCULATION LEVEL,UNIT #12 CONDENSATE CEP MINIMUM FLOW RECIRCULATION LEVEL B,같은 도면에 같은 문장 2행 · 위→아래 · 좌→우 B번째 · 붙이지 않음 — 이 도면의 테두리 그리드가 텍스트가 아니고 글리프 사전에 E~H·2~8 이 없다,C-1 중복 순번,5d25a69444283438
16,D00P-10LCA10-M05-0001,FIELD,RO,description,UNIT #10 CONDENSATE GRUOP CONDENSER RESTRICTION ORIFICE,UNIT #10 CONDENSATE GRUOP CONDENSER RESTRICTION ORIFICE C,같은 도면에 같은 문장 3행 · 위→아래 · 좌→우 C번째 · 붙이지 않음 — 이 도면의 테두리 그리드가 텍스트가 아니고 글리프 사전에 E~H·2~8 이 없다,C-1 중복 순번,b9a94bd29e64ae03
16,D00P-10LCA10-M05-0001,FIELD,RO,description,UNIT #10 CONDENSATE GRUOP CONDENSER RESTRICTION ORIFICE,UNIT #10 CONDENSATE GRUOP CONDENSER RESTRICTION ORIFICE B,같은 도면에 같은 문장 3행 · 위→아래 · 좌→우 B번째 · 붙이지 않음 — 이 도면의 테두리 그리드가 텍스트가 아니고 글리프 사전에 E~H·2~8 이 없다,C-1 중복 순번,cd0017ec65b11a51
16,D00P-10LCA10-M05-0001,MOV,GATE,description,TO SAFE LOCATION GATE VALVE,TO SAFE LOCATION GATE VALVE A,같은 도면에 같은 문장 2행 · 위→아래 · 좌→우 A번째 · 붙이지 않음 — 이 도면의 테두리 그리드가 텍스트가 아니고 글리프 사전에 E~H·2~8 이 없다,C-1 중복 순번,cff32a5bcc44bdad
16,D00P-10LCA10-M05-0001,MOV,GATE,description,TO SAFE LOCATION GATE VALVE,TO SAFE LOCATION GATE VALVE B,같은 도면에 같은 문장 2행 · 위→아래 · 좌→우 B번째 · 붙이지 않음 — 이 도면의 테두리 그리드가 텍스트가 아니고 글리프 사전에 E~H·2~8 이 없다,C-1 중복 순번,dee44385c06788dd
18,D00P-10MAJ10-M05-0001,FIELD,PI,description,UNIT #10 CONDENSER AIR REMOVAL SKID A PRESSURE,UNIT #10 CONDENSER AIR REMOVAL SKID A PRESSURE A,같은 도면에 같은 문장 2행 · 위→아래 · 좌→우 A번째 · 붙이지 않음 — 이 도면의 테두리 그리드가 텍스트가 아니고 글리프 사전에 E~H·2~8 이 없다,C-1 중복 순번,8dc4bc0ef3cf7141
18,D00P-10MAJ10-M05-0001,FIELD,PI,description,UNIT #10 CONDENSER AIR REMOVAL SKID A PRESSURE,UNIT #10 CONDENSER AIR REMOVAL SKID A PRESSURE B,같은 도면에 같은 문장 2행 · 위→아래 · 좌→우 B번째 · 붙이지 않음 — 이 도면의 테두리 그리드가 텍스트가 아니고 글리프 사전에 E~H·2~8 이 없다,C-1 중복 순번,9b4cb516a1dc75b5
20,D00P-11LAB00-M05-0001,FIELD,FE,description,UNIT #11 HRSG FEEDWATER BOILER FEED WATER PUMP FLOW ELEMENT,UNIT #11 HRSG FEEDWATER BOILER FEED WATER PUMP FLOW ELEMENT B,같은 도면에 같은 문장 3행 · 위→아래 · 좌→우 B번째 · 붙이지 않음 — 이 도면의 테두리 그리드가 텍스트가 아니고 글리프 사전에 E~H·2~8 이 없다,C-1 중복 순번,178856958e9d8d7d
20,D00P-11LAB00-M05-0001,FIELD,FE,description,UNIT #11 HRSG FEEDWATER BOILER FEED WATER PUMP FLOW ELEMENT,UNIT #11 HRSG FEEDWATER BOILER FEED WATER PUMP FLOW ELEMENT C,같은 도면에 같은 문장 3행 · 위→아래 · 좌→우 C번째 · 붙이지 않음 — 이 도면의 테두리 그리드가 텍스트가 아니고 글리프 사전에 E~H·2~8 이 없다,C-1 중복 순번,7fe059c0c14e6fcb
20,D00P-11LAB00-M05-0001,FIELD,FE,description,UNIT #11 HRSG FEEDWATER BOILER FEED WATER PUMP FLOW ELEMENT,UNIT #11 HRSG FEEDWATER BOILER FEED WATER PUMP FLOW ELEMENT A,같은 도면에 같은 문장 3행 · 위→아래 · 좌→우 A번째 · 붙이지 않음 — 이 도면의 테두리 그리드가 텍스트가 아니고 글리프 사전에 E~H·2~8 이 없다,C-1 중복 순번,a3b596c4be64806a
21,D00P-11LAC10-M05-0001,FIELD,FIT,description,TO CONDENSER FLOW TRANSMITTER C,TO CONDENSER DISCHARGE FLOW TRANSMITTER C,가까운 커넥터 DISCHARGE 360.8pt · 2위 OUTLET 766.3pt,C-4 커넥터 위치어,00d337cdc26cf63e
21,D00P-11LAC10-M05-0001,FIELD,FE,description,TO CONDENSER FLOW ELEMENT,TO CONDENSER DISCHARGE FLOW ELEMENT,가까운 커넥터 DISCHARGE 390.7pt · 2위 OUTLET 796.2pt,C-4 커넥터 위치어,1219cb03996440d5
21,D00P-11LAC10-M05-0001,FIELD,FIT,description,TO CONDENSER FLOW TRANSMITTER B,TO CONDENSER DISCHARGE FLOW TRANSMITTER B,가까운 커넥터 DISCHARGE 329.5pt · 2위 OUTLET 735.0pt,C-4 커넥터 위치어,356f78087476055c
21,D00P-11LAC10-M05-0001,FIELD,FIT,description,TO CONDENSER FLOW TRANSMITTER A,TO CONDENSER DISCHARGE FLOW TRANSMITTER A,가까운 커넥터 DISCHARGE 298.1pt · 2위 OUTLET 703.6pt,C-4 커넥터 위치어,5343587376b2a207
21,D00P-11LAC10-M05-0001,FIELD,TIT,description,TCA COOLER COOLING WATER FLOW CONTROL VALVE TEMPERATURE TRANSMITTER B,TCA COOLER COOLING WATER FLOW CONTROL VALVE OUTLET TEMPERATURE TRANSMITTER B,가까운 커넥터 OUTLET 564.7pt · 2위 DISCHARGE 1145.6pt,C-4 커넥터 위치어,6c888c437f683257
21,D00P-11LAC10-M05-0001,FIELD,TIT,description,TCA COOLER COOLING WATER FLOW CONTROL VALVE TEMPERATURE TRANSMITTER A,TCA COOLER COOLING WATER FLOW CONTROL VALVE OUTLET TEMPERATURE TRANSMITTER A,가까운 커넥터 OUTLET 672.9pt · 2위 DISCHARGE 1037.4pt,C-4 커넥터 위치어,acea9741daa0f6ba
25,D00P-11EKG10-M05-0001,PNEUMATIC,BALL,description,FROM HRSG#11 IP ECONOMIZER BALL VALVE,FROM HRSG#11 IP ECONOMIZER BALL VALVE A,같은 도면에 같은 문장 3행 · 위→아래 · 좌→우 A번째 · 붙이지 않음 — 이 도면의 테두리 그리드가 텍스트가 아니고 글리프 사전에 E~H·2~8 이 없다,C-1 중복 순번,43ea0e0d26b93c08
25,D00P-11EKG10-M05-0001,PNEUMATIC,BALL,description,FROM HRSG#11 IP ECONOMIZER BALL VALVE,FROM HRSG#11 IP ECONOMIZER BALL VALVE C,같은 도면에 같은 문장 3행 · 위→아래 · 좌→우 C번째 · 붙이지 않음 — 이 도면의 테두리 그리드가 텍스트가 아니고 글리프 사전에 E~H·2~8 이 없다,C-1 중복 순번,aaeb577052221e0f
25,D00P-11EKG10-M05-0001,PNEUMATIC,BALL,description,FROM HRSG#11 IP ECONOMIZER BALL VALVE,FROM HRSG#11 IP ECONOMIZER BALL VALVE B,같은 도면에 같은 문장 3행 · 위→아래 · 좌→우 B번째 · 붙이지 않음 — 이 도면의 테두리 그리드가 텍스트가 아니고 글리프 사전에 E~H·2~8 이 없다,C-1 중복 순번,cced286b26d4accd
26,D00P-00PAB10-M05-0001,MOV,BALL,description,TO TRAVELING BAND SCREEN D BALL VALVE,TO TRAVELING BAND SCREEN D BALL VALVE C,같은 도면에 같은 문장 3행 · 위→아래 · 좌→우 C번째 · 붙이지 않음 — 이 도면의 테두리 그리드가 텍스트가 아니고 글리프 사전에 E~H·2~8 이 없다,C-1 중복 순번,b7ee1642ebee3de5
26,D00P-00PAB10-M05-0001,MOV,BALL,description,TO TRAVELING BAND SCREEN D BALL VALVE,TO TRAVELING BAND SCREEN D BALL VALVE A,같은 도면에 같은 문장 3행 · 위→아래 · 좌→우 A번째 · 붙이지 않음 — 이 도면의 테두리 그리드가 텍스트가 아니고 글리프 사전에 E~H·2~8 이 없다,C-1 중복 순번,c899817bce5e0215
26,D00P-00PAB10-M05-0001,MOV,BALL,description,TO TRAVELING BAND SCREEN D BALL VALVE,TO TRAVELING BAND SCREEN D BALL VALVE B,같은 도면에 같은 문장 3행 · 위→아래 · 좌→우 B번째 · 붙이지 않음 — 이 도면의 테두리 그리드가 텍스트가 아니고 글리프 사전에 E~H·2~8 이 없다,C-1 중복 순번,f8948d3af81604f8
27,D00P-00PAB10-M05-0002,BFV,BUTTERFLY,description,FROM SCREEM WASH PUMP BUTTERFLY VALVE,FROM SCREEM WASH PUMP BUTTERFLY VALVE A,같은 도면에 같은 문장 2행 · 위→아래 · 좌→우 A번째 · 붙이지 않음 — 이 도면의 테두리 그리드가 텍스트가 아니고 글리프 사전에 E~H·2~8 이 없다,C-1 중복 순번,996e3a9fd40bc377
27,D00P-00PAB10-M05-0002,BFV,BUTTERFLY,description,FROM SCREEM WASH PUMP BUTTERFLY VALVE,FROM SCREEM WASH PUMP BUTTERFLY VALVE B,같은 도면에 같은 문장 2행 · 위→아래 · 좌→우 B번째 · 붙이지 않음 — 이 도면의 테두리 그리드가 텍스트가 아니고 글리프 사전에 E~H·2~8 이 없다,C-1 중복 순번,a00f7e2d523b2802
31,D00P-10PCB10-M05-0001,FIELD,PI,description,UNIT #10 ACW PUMP PRESSURE,UNIT #10 ACW PUMP PRESSURE B,같은 도면에 같은 문장 3행 · 위→아래 · 좌→우 B번째 · 붙이지 않음 — 이 도면의 테두리 그리드가 텍스트가 아니고 글리프 사전에 E~H·2~8 이 없다,C-1 중복 순번,2ea8bb3115546dc9
31,D00P-10PCB10-M05-0001,FIELD,PI,description,UNIT #10 ACW PUMP PRESSURE,UNIT #10 ACW PUMP PRESSURE C,같은 도면에 같은 문장 3행 · 위→아래 · 좌→우 C번째 · 붙이지 않음 — 이 도면의 테두리 그리드가 텍스트가 아니고 글리프 사전에 E~H·2~8 이 없다,C-1 중복 순번,3a5c543b5680da7d
31,D00P-10PCB10-M05-0001,FIELD,PI,description,UNIT #10 ACW PUMP PRESSURE,UNIT #10 ACW PUMP PRESSURE A,같은 도면에 같은 문장 3행 · 위→아래 · 좌→우 A번째 · 붙이지 않음 — 이 도면의 테두리 그리드가 텍스트가 아니고 글리프 사전에 E~H·2~8 이 없다,C-1 중복 순번,519c2d8b943d1e28
31,D00P-10PCB10-M05-0001,FIELD,TI,description,UNIT #10 ACW PUMP TEMPERATURE,UNIT #10 ACW PUMP TEMPERATURE A,같은 도면에 같은 문장 3행 · 위→아래 · 좌→우 A번째 · 붙이지 않음 — 이 도면의 테두리 그리드가 텍스트가 아니고 글리프 사전에 E~H·2~8 이 없다,C-1 중복 순번,9869fd0166f9715a
31,D00P-10PCB10-M05-0001,FIELD,TI,description,UNIT #10 ACW PUMP TEMPERATURE,UNIT #10 ACW PUMP TEMPERATURE C,같은 도면에 같은 문장 3행 · 위→아래 · 좌→우 C번째 · 붙이지 않음 — 이 도면의 테두리 그리드가 텍스트가 아니고 글리프 사전에 E~H·2~8 이 없다,C-1 중복 순번,c81b6d8d753a79dd
31,D00P-10PCB10-M05-0001,FIELD,TI,description,UNIT #10 ACW PUMP TEMPERATURE,UNIT #10 ACW PUMP TEMPERATURE B,같은 도면에 같은 문장 3행 · 위→아래 · 좌→우 B번째 · 붙이지 않음 — 이 도면의 테두리 그리드가 텍스트가 아니고 글리프 사전에 E~H·2~8 이 없다,C-1 중복 순번,fd4a47e76087d6bc
32,D00P-00EGD00-M05-0001,FIELD,FS,description,FUEL OIL SUPPLY FLOW,FUEL OIL SUPPLY FLOW A,같은 도면에 같은 문장 3행 · 위→아래 · 좌→우 A번째 · 붙이지 않음 — 이 도면의 테두리 그리드가 텍스트가 아니고 글리프 사전에 E~H·2~8 이 없다,C-1 중복 순번,27f0ab6ec839c066
32,D00P-00EGD00-M05-0001,FIELD,FS,description,FUEL OIL SUPPLY FLOW,FUEL OIL SUPPLY FLOW B,같은 도면에 같은 문장 3행 · 위→아래 · 좌→우 B번째 · 붙이지 않음 — 이 도면의 테두리 그리드가 텍스트가 아니고 글리프 사전에 E~H·2~8 이 없다,C-1 중복 순번,6c36f831e99266ae
32,D00P-00EGD00-M05-0001,FIELD,FS,description,FUEL OIL SUPPLY FLOW,FUEL OIL SUPPLY FLOW C,같은 도면에 같은 문장 3행 · 위→아래 · 좌→우 C번째 · 붙이지 않음 — 이 도면의 테두리 그리드가 텍스트가 아니고 글리프 사전에 E~H·2~8 이 없다,C-1 중복 순번,ac3c4ca26add25ed
33,D00P-00EGD00-M05-0002,FIELD,PI,description,AUX FUEL OIL FORWARDING PUMP PRESSURE,AUX FUEL OIL FORWARDING PUMP PRESSURE B,같은 도면에 같은 문장 6행 · 위→아래 · 좌→우 B번째 · 붙이지 않음 — 이 도면의 테두리 그리드가 텍스트가 아니고 글리프 사전에 E~H·2~8 이 없다,C-1 중복 순번,0a80f25f6e4763f4
33,D00P-00EGD00-M05-0002,MOV,GATE,description,TO GT#12 GATE VALVE,TO GT#12 GATE VALVE B,같은 도면에 같은 문장 2행 · 위→아래 · 좌→우 B번째 · 붙이지 않음 — 이 도면의 테두리 그리드가 텍스트가 아니고 글리프 사전에 E~H·2~8 이 없다,C-1 중복 순번,197baae03781002d
33,D00P-00EGD00-M05-0002,FIELD,PI,description,AUX FUEL OIL FORWARDING PUMP PRESSURE,AUX FUEL OIL FORWARDING PUMP PRESSURE C,같은 도면에 같은 문장 6행 · 위→아래 · 좌→우 C번째 · 붙이지 않음 — 이 도면의 테두리 그리드가 텍스트가 아니고 글리프 사전에 E~H·2~8 이 없다,C-1 중복 순번,20abc8991cce93b2
33,D00P-00EGD00-M05-0002,FIELD,PI,description,AUX FUEL OIL FORWARDING PUMP PRESSURE,AUX FUEL OIL FORWARDING PUMP PRESSURE D,같은 도면에 같은 문장 6행 · 위→아래 · 좌→우 D번째 · 붙이지 않음 — 이 도면의 테두리 그리드가 텍스트가 아니고 글리프 사전에 E~H·2~8 이 없다,C-1 중복 순번,24d79840f2210008
33,D00P-00EGD00-M05-0002,FIELD,PI,description,GT FUEL OIL FORWARDING PUMP PRESSURE,GT FUEL OIL FORWARDING PUMP PRESSURE D,같은 도면에 같은 문장 4행 · 위→아래 · 좌→우 D번째 · 붙이지 않음 — 이 도면의 테두리 그리드가 텍스트가 아니고 글리프 사전에 E~H·2~8 이 없다,C-1 중복 순번,574dc96f7ddc26a6
33,D00P-00EGD00-M05-0002,FIELD,PI,description,GT FUEL OIL FORWARDING PUMP PRESSURE,GT FUEL OIL FORWARDING PUMP PRESSURE A,같은 도면에 같은 문장 4행 · 위→아래 · 좌→우 A번째 · 붙이지 않음 — 이 도면의 테두리 그리드가 텍스트가 아니고 글리프 사전에 E~H·2~8 이 없다,C-1 중복 순번,827c7e4c767f2391
33,D00P-00EGD00-M05-0002,FIELD,PI,description,AUX FUEL OIL FORWARDING PUMP PRESSURE,AUX FUEL OIL FORWARDING PUMP PRESSURE E,같은 도면에 같은 문장 6행 · 위→아래 · 좌→우 E번째 · 붙이지 않음 — 이 도면의 테두리 그리드가 텍스트가 아니고 글리프 사전에 E~H·2~8 이 없다,C-1 중복 순번,87b9c68082a09212
33,D00P-00EGD00-M05-0002,FIELD,PI,description,SLOP OIL TRANSFER PUMP PRESSURE,SLOP OIL TRANSFER PUMP PRESSURE B,같은 도면에 같은 문장 2행 · 위→아래 · 좌→우 B번째 · 붙이지 않음 — 이 도면의 테두리 그리드가 텍스트가 아니고 글리프 사전에 E~H·2~8 이 없다,C-1 중복 순번,8d2bed30818f3460
33,D00P-00EGD00-M05-0002,FIELD,PI,description,AUX FUEL OIL FORWARDING PUMP PRESSURE,AUX FUEL OIL FORWARDING PUMP PRESSURE A,같은 도면에 같은 문장 6행 · 위→아래 · 좌→우 A번째 · 붙이지 않음 — 이 도면의 테두리 그리드가 텍스트가 아니고 글리프 사전에 E~H·2~8 이 없다,C-1 중복 순번,9bfe1fa4283ba65c
33,D00P-00EGD00-M05-0002,FIELD,PI,description,GT FUEL OIL FORWARDING PUMP PRESSURE,GT FUEL OIL FORWARDING PUMP PRESSURE C,같은 도면에 같은 문장 4행 · 위→아래 · 좌→우 C번째 · 붙이지 않음 — 이 도면의 테두리 그리드가 텍스트가 아니고 글리프 사전에 E~H·2~8 이 없다,C-1 중복 순번,b01b34963f2fd2c8
33,D00P-00EGD00-M05-0002,FIELD,LIT,description,FUEL OIL STORAGE TANK B LEVEL,FUEL OIL STORAGE TANK B LEVEL B,같은 도면에 같은 문장 2행 · 위→아래 · 좌→우 B번째 · 붙이지 않음 — 이 도면의 테두리 그리드가 텍스트가 아니고 글리프 사전에 E~H·2~8 이 없다,C-1 중복 순번,c1a27f48189e26bd
33,D00P-00EGD00-M05-0002,FIELD,PI,description,SLOP OIL TRANSFER PUMP PRESSURE,SLOP OIL TRANSFER PUMP PRESSURE A,같은 도면에 같은 문장 2행 · 위→아래 · 좌→우 A번째 · 붙이지 않음 — 이 도면의 테두리 그리드가 텍스트가 아니고 글리프 사전에 E~H·2~8 이 없다,C-1 중복 순번,c7bf2b90fbb96c1f
33,D00P-00EGD00-M05-0002,MOV,GATE,description,TO GT#12 GATE VALVE,TO GT#12 GATE VALVE A,같은 도면에 같은 문장 2행 · 위→아래 · 좌→우 A번째 · 붙이지 않음 — 이 도면의 테두리 그리드가 텍스트가 아니고 글리프 사전에 E~H·2~8 이 없다,C-1 중복 순번,d00fd85f37fbc2c7
33,D00P-00EGD00-M05-0002,FIELD,LIT,description,FUEL OIL STORAGE TANK B LEVEL,FUEL OIL STORAGE TANK B LEVEL A,같은 도면에 같은 문장 2행 · 위→아래 · 좌→우 A번째 · 붙이지 않음 — 이 도면의 테두리 그리드가 텍스트가 아니고 글리프 사전에 E~H·2~8 이 없다,C-1 중복 순번,de9c52602ab817a9
33,D00P-00EGD00-M05-0002,FIELD,PI,description,AUX FUEL OIL FORWARDING PUMP PRESSURE,AUX FUEL OIL FORWARDING PUMP PRESSURE F,같은 도면에 같은 문장 6행 · 위→아래 · 좌→우 F번째 · 붙이지 않음 — 이 도면의 테두리 그리드가 텍스트가 아니고 글리프 사전에 E~H·2~8 이 없다,C-1 중복 순번,ee00b9cd99e1a9fd
33,D00P-00EGD00-M05-0002,FIELD,PI,description,GT FUEL OIL FORWARDING PUMP PRESSURE,GT FUEL OIL FORWARDING PUMP PRESSURE B,같은 도면에 같은 문장 4행 · 위→아래 · 좌→우 B번째 · 붙이지 않음 — 이 도면의 테두리 그리드가 텍스트가 아니고 글리프 사전에 E~H·2~8 이 없다,C-1 중복 순번,f1f1d8f6dd71d7d9
35,D00P-10PGB10-M05-0001,FIELD,LIT,description,UNIT #10 CCW EXPANSION TANK LEVEL,UNIT #10 CCW EXPANSION TANK LEVEL A,같은 도면에 같은 문장 2행 · 위→아래 · 좌→우 A번째 · 붙이지 않음 — 이 도면의 테두리 그리드가 텍스트가 아니고 글리프 사전에 E~H·2~8 이 없다,C-1 중복 순번,6c03427db50f20af
35,D00P-10PGB10-M05-0001,FIELD,LIT,description,UNIT #10 CCW EXPANSION TANK LEVEL,UNIT #10 CCW EXPANSION TANK LEVEL B,같은 도면에 같은 문장 2행 · 위→아래 · 좌→우 B번째 · 붙이지 않음 — 이 도면의 테두리 그리드가 텍스트가 아니고 글리프 사전에 E~H·2~8 이 없다,C-1 중복 순번,aa3a6e7136eb0f94
36,D00P-10PGB10-M05-0002,FIELD,PI,description,UNIT #10 CCW WATER BOX VACUUM PUMP COOLER A PRESSURE,UNIT #10 CCW WATER BOX VACUUM PUMP COOLER A PRESSURE D,같은 도면에 같은 문장 4행 · 위→아래 · 좌→우 D번째 · 붙이지 않음 — 이 도면의 테두리 그리드가 텍스트가 아니고 글리프 사전에 E~H·2~8 이 없다,C-1 중복 순번,15087b4d14176ae6
36,D00P-10PGB10-M05-0002,FIELD,PI,description,UNIT #10 CCW WATER BOX VACUUM PUMP COOLER A PRESSURE,UNIT #10 CCW WATER BOX VACUUM PUMP COOLER A PRESSURE B,같은 도면에 같은 문장 4행 · 위→아래 · 좌→우 B번째 · 붙이지 않음 — 이 도면의 테두리 그리드가 텍스트가 아니고 글리프 사전에 E~H·2~8 이 없다,C-1 중복 순번,1997cf6c9bdc522c
36,D00P-10PGB10-M05-0002,FIELD,TI,description,UNIT #10 CCW CONDENSER VACUUM PUMP COOLER A RETURN TEMPERATURE,UNIT #10 CCW CONDENSER VACUUM PUMP COOLER A RETURN TEMPERATURE B,같은 도면에 같은 문장 2행 · 위→아래 · 좌→우 B번째 · 붙이지 않음 — 이 도면의 테두리 그리드가 텍스트가 아니고 글리프 사전에 E~H·2~8 이 없다,C-1 중복 순번,321d0ddc0384fb2a
36,D00P-10PGB10-M05-0002,FIELD,PI,description,UNIT #10 CCW WATER BOX VACUUM PUMP COOLER A PRESSURE,UNIT #10 CCW WATER BOX VACUUM PUMP COOLER A PRESSURE C,같은 도면에 같은 문장 4행 · 위→아래 · 좌→우 C번째 · 붙이지 않음 — 이 도면의 테두리 그리드가 텍스트가 아니고 글리프 사전에 E~H·2~8 이 없다,C-1 중복 순번,40e09db5f3ecf9d0
36,D00P-10PGB10-M05-0002,FIELD,TI,description,UNIT #10 CCW CONDENSER VACUUM PUMP COOLER A RETURN TEMPERATURE,UNIT #10 CCW CONDENSER VACUUM PUMP COOLER A RETURN TEMPERATURE A,같은 도면에 같은 문장 2행 · 위→아래 · 좌→우 A번째 · 붙이지 않음 — 이 도면의 테두리 그리드가 텍스트가 아니고 글리프 사전에 E~H·2~8 이 없다,C-1 중복 순번,4354cc0eee336849
36,D00P-10PGB10-M05-0002,FIELD,PI,description,UNIT #10 CCW CONDENSER VACUUM PUMP COOLER A PRESSURE,UNIT #10 CCW CONDENSER VACUUM PUMP COOLER A PRESSURE B,같은 도면에 같은 문장 4행 · 위→아래 · 좌→우 B번째 · 붙이지 않음 — 이 도면의 테두리 그리드가 텍스트가 아니고 글리프 사전에 E~H·2~8 이 없다,C-1 중복 순번,6cf3b93bd719abf0
36,D00P-10PGB10-M05-0002,FIELD,PI,description,UNIT #10 CCW CONDENSER VACUUM PUMP COOLER A PRESSURE,UNIT #10 CCW CONDENSER VACUUM PUMP COOLER A PRESSURE C,같은 도면에 같은 문장 4행 · 위→아래 · 좌→우 C번째 · 붙이지 않음 — 이 도면의 테두리 그리드가 텍스트가 아니고 글리프 사전에 E~H·2~8 이 없다,C-1 중복 순번,7956dd541ce35ea7
36,D00P-10PGB10-M05-0002,FIELD,PI,description,UNIT #10 CCW CONDENSER VACUUM PUMP COOLER A PRESSURE,UNIT #10 CCW CONDENSER VACUUM PUMP COOLER A PRESSURE A,같은 도면에 같은 문장 4행 · 위→아래 · 좌→우 A번째 · 붙이지 않음 — 이 도면의 테두리 그리드가 텍스트가 아니고 글리프 사전에 E~H·2~8 이 없다,C-1 중복 순번,7dc1210d7a2d6a89
36,D00P-10PGB10-M05-0002,FIELD,PI,description,UNIT #10 CCW WATER BOX VACUUM PUMP COOLER A PRESSURE,UNIT #10 CCW WATER BOX VACUUM PUMP COOLER A PRESSURE A,같은 도면에 같은 문장 4행 · 위→아래 · 좌→우 A번째 · 붙이지 않음 — 이 도면의 테두리 그리드가 텍스트가 아니고 글리프 사전에 E~H·2~8 이 없다,C-1 중복 순번,ac1bd54ba7e9a6b7
36,D00P-10PGB10-M05-0002,FIELD,PI,description,UNIT #10 CCW CONDENSER VACUUM PUMP COOLER A PRESSURE,UNIT #10 CCW CONDENSER VACUUM PUMP COOLER A PRESSURE D,같은 도면에 같은 문장 4행 · 위→아래 · 좌→우 D번째 · 붙이지 않음 — 이 도면의 테두리 그리드가 텍스트가 아니고 글리프 사전에 E~H·2~8 이 없다,C-1 중복 순번,bb9e43065c83612e
36,D00P-10PGB10-M05-0002,FIELD,TI,description,UNIT #10 CCW WATER BOX VACUUM PUMP COOLER A RETURN TEMPERATURE,UNIT #10 CCW WATER BOX VACUUM PUMP COOLER A RETURN TEMPERATURE A,같은 도면에 같은 문장 2행 · 위→아래 · 좌→우 A번째 · 붙이지 않음 — 이 도면의 테두리 그리드가 텍스트가 아니고 글리프 사전에 E~H·2~8 이 없다,C-1 중복 순번,e853573dfbb46a1b
36,D00P-10PGB10-M05-0002,FIELD,TI,description,UNIT #10 CCW WATER BOX VACUUM PUMP COOLER A RETURN TEMPERATURE,UNIT #10 CCW WATER BOX VACUUM PUMP COOLER A RETURN TEMPERATURE B,같은 도면에 같은 문장 2행 · 위→아래 · 좌→우 B번째 · 붙이지 않음 — 이 도면의 테두리 그리드가 텍스트가 아니고 글리프 사전에 E~H·2~8 이 없다,C-1 중복 순번,f0f84ec4c03564c8
37,D00P-10PGB10-M05-0003,FIELD,PI,description,UNIT #10 CCW ST GENERATOR COOLER PRESSURE,UNIT #10 CCW ST GENERATOR COOLER PRESSURE B,같은 도면에 같은 문장 6행 · 위→아래 · 좌→우 B번째 · 붙이지 않음 — 이 도면의 테두리 그리드가 텍스트가 아니고 글리프 사전에 E~H·2~8 이 없다,C-1 중복 순번,148b04ef818fe301
37,D00P-10PGB10-M05-0003,FIELD,PI,description,UNIT #10 CCW ST HYDRAULIC OIL COOLER A PRESSURE,UNIT #10 CCW ST HYDRAULIC OIL COOLER A PRESSURE A,같은 도면에 같은 문장 4행 · 위→아래 · 좌→우 A번째 · 붙이지 않음 — 이 도면의 테두리 그리드가 텍스트가 아니고 글리프 사전에 E~H·2~8 이 없다,C-1 중복 순번,172cb48f44893e8c
37,D00P-10PGB10-M05-0003,FIELD,PI,description,UNIT #10 CCW ST LUBE OIL COOLER PRESSURE,UNIT #10 CCW ST LUBE OIL COOLER PRESSURE F,같은 도면에 같은 문장 6행 · 위→아래 · 좌→우 F번째 · 붙이지 않음 — 이 도면의 테두리 그리드가 텍스트가 아니고 글리프 사전에 E~H·2~8 이 없다,C-1 중복 순번,233e57ba970cdcef
37,D00P-10PGB10-M05-0003,FIELD,TI,description,UNIT #10 CCW ST HYDRAULIC OIL COOLER A RETURN TEMPERATURE,UNIT #10 CCW ST HYDRAULIC OIL COOLER A RETURN TEMPERATURE B,같은 도면에 같은 문장 3행 · 위→아래 · 좌→우 B번째 · 붙이지 않음 — 이 도면의 테두리 그리드가 텍스트가 아니고 글리프 사전에 E~H·2~8 이 없다,C-1 중복 순번,316df6ceb959b7e1
37,D00P-10PGB10-M05-0003,FIELD,PI,description,UNIT #10 CCW ST HYDRAULIC OIL COOLER A PRESSURE,UNIT #10 CCW ST HYDRAULIC OIL COOLER A PRESSURE D,같은 도면에 같은 문장 4행 · 위→아래 · 좌→우 D번째 · 붙이지 않음 — 이 도면의 테두리 그리드가 텍스트가 아니고 글리프 사전에 E~H·2~8 이 없다,C-1 중복 순번,386698e0fc9ce18c
37,D00P-10PGB10-M05-0003,FIELD,PI,description,UNIT #10 CCW ST HYDRAULIC OIL COOLER A PRESSURE,UNIT #10 CCW ST HYDRAULIC OIL COOLER A PRESSURE C,같은 도면에 같은 문장 4행 · 위→아래 · 좌→우 C번째 · 붙이지 않음 — 이 도면의 테두리 그리드가 텍스트가 아니고 글리프 사전에 E~H·2~8 이 없다,C-1 중복 순번,4d314d9e07267038
37,D00P-10PGB10-M05-0003,FIELD,PI,description,UNIT #10 CCW ST GENERATOR COOLER PRESSURE,UNIT #10 CCW ST GENERATOR COOLER PRESSURE C,같은 도면에 같은 문장 6행 · 위→아래 · 좌→우 C번째 · 붙이지 않음 — 이 도면의 테두리 그리드가 텍스트가 아니고 글리프 사전에 E~H·2~8 이 없다,C-1 중복 순번,56e99355f9c7eb23
37,D00P-10PGB10-M05-0003,FIELD,TI,description,UNIT #10 CCW ST GENERATOR COOLER RETURN TEMPERATURE,UNIT #10 CCW ST GENERATOR COOLER RETURN TEMPERATURE A,같은 도면에 같은 문장 4행 · 위→아래 · 좌→우 A번째 · 붙이지 않음 — 이 도면의 테두리 그리드가 텍스트가 아니고 글리프 사전에 E~H·2~8 이 없다,C-1 중복 순번,63d696031ccb5cbd
37,D00P-10PGB10-M05-0003,FIELD,PI,description,UNIT #10 CCW ST STATOR WATER COOLER PRESSURE,UNIT #10 CCW ST STATOR WATER COOLER PRESSURE B,같은 도면에 같은 문장 2행 · 위→아래 · 좌→우 B번째 · 붙이지 않음 — 이 도면의 테두리 그리드가 텍스트가 아니고 글리프 사전에 E~H·2~8 이 없다,C-1 중복 순번,6927c84d194d35ff
37,D00P-10PGB10-M05-0003,FIELD,TI,description,UNIT #10 CCW ST GENERATOR COOLER RETURN TEMPERATURE,UNIT #10 CCW ST GENERATOR COOLER RETURN TEMPERATURE B,같은 도면에 같은 문장 4행 · 위→아래 · 좌→우 B번째 · 붙이지 않음 — 이 도면의 테두리 그리드가 텍스트가 아니고 글리프 사전에 E~H·2~8 이 없다,C-1 중복 순번,7834ada398db2980
37,D00P-10PGB10-M05-0003,FIELD,PI,description,UNIT #10 CCW ST LUBE OIL COOLER PRESSURE,UNIT #10 CCW ST LUBE OIL COOLER PRESSURE E,같은 도면에 같은 문장 6행 · 위→아래 · 좌→우 E번째 · 붙이지 않음 — 이 도면의 테두리 그리드가 텍스트가 아니고 글리프 사전에 E~H·2~8 이 없다,C-1 중복 순번,985c58e8ebf92866
37,D00P-10PGB10-M05-0003,FIELD,PI,description,UNIT #10 CCW ST LUBE OIL COOLER PRESSURE,UNIT #10 CCW ST LUBE OIL COOLER PRESSURE D,같은 도면에 같은 문장 6행 · 위→아래 · 좌→우 D번째 · 붙이지 않음 — 이 도면의 테두리 그리드가 텍스트가 아니고 글리프 사전에 E~H·2~8 이 없다,C-1 중복 순번,9c275003bd1c9a7d
37,D00P-10PGB10-M05-0003,FIELD,PI,description,UNIT #10 CCW ST GENERATOR COOLER PRESSURE,UNIT #10 CCW ST GENERATOR COOLER PRESSURE D,같은 도면에 같은 문장 6행 · 위→아래 · 좌→우 D번째 · 붙이지 않음 — 이 도면의 테두리 그리드가 텍스트가 아니고 글리프 사전에 E~H·2~8 이 없다,C-1 중복 순번,9c2cd3deb042f37a
37,D00P-10PGB10-M05-0003,FIELD,PI,description,UNIT #10 CCW ST LUBE OIL COOLER PRESSURE,UNIT #10 CCW ST LUBE OIL COOLER PRESSURE B,같은 도면에 같은 문장 6행 · 위→아래 · 좌→우 B번째 · 붙이지 않음 — 이 도면의 테두리 그리드가 텍스트가 아니고 글리프 사전에 E~H·2~8 이 없다,C-1 중복 순번,9e0b687c08f2426f
37,D00P-10PGB10-M05-0003,FIELD,PI,description,UNIT #10 CCW ST LUBE OIL COOLER PRESSURE,UNIT #10 CCW ST LUBE OIL COOLER PRESSURE A,같은 도면에 같은 문장 6행 · 위→아래 · 좌→우 A번째 · 붙이지 않음 — 이 도면의 테두리 그리드가 텍스트가 아니고 글리프 사전에 E~H·2~8 이 없다,C-1 중복 순번,a517bf19ebd74a03
37,D00P-10PGB10-M05-0003,FIELD,PI,description,UNIT #10 CCW ST HYDRAULIC OIL COOLER A PRESSURE,UNIT #10 CCW ST HYDRAULIC OIL COOLER A PRESSURE B,같은 도면에 같은 문장 4행 · 위→아래 · 좌→우 B번째 · 붙이지 않음 — 이 도면의 테두리 그리드가 텍스트가 아니고 글리프 사전에 E~H·2~8 이 없다,C-1 중복 순번,a9821de763b62980
37,D00P-10PGB10-M05-0003,FIELD,TI,description,UNIT #10 CCW ST HYDRAULIC OIL COOLER A RETURN TEMPERATURE,UNIT #10 CCW ST HYDRAULIC OIL COOLER A RETURN TEMPERATURE C,같은 도면에 같은 문장 3행 · 위→아래 · 좌→우 C번째 · 붙이지 않음 — 이 도면의 테두리 그리드가 텍스트가 아니고 글리프 사전에 E~H·2~8 이 없다,C-1 중복 순번,ad47ad956f1fe5e4
37,D00P-10PGB10-M05-0003,FIELD,TI,description,UNIT #10 CCW ST HYDRAULIC OIL COOLER A RETURN TEMPERATURE,UNIT #10 CCW ST HYDRAULIC OIL COOLER A RETURN TEMPERATURE A,같은 도면에 같은 문장 3행 · 위→아래 · 좌→우 A번째 · 붙이지 않음 — 이 도면의 테두리 그리드가 텍스트가 아니고 글리프 사전에 E~H·2~8 이 없다,C-1 중복 순번,bcc42bf113557a61
37,D00P-10PGB10-M05-0003,FIELD,TI,description,UNIT #10 CCW ST GENERATOR COOLER RETURN TEMPERATURE,UNIT #10 CCW ST GENERATOR COOLER RETURN TEMPERATURE C,같은 도면에 같은 문장 4행 · 위→아래 · 좌→우 C번째 · 붙이지 않음 — 이 도면의 테두리 그리드가 텍스트가 아니고 글리프 사전에 E~H·2~8 이 없다,C-1 중복 순번,d371c25d338589b4
37,D00P-10PGB10-M05-0003,FIELD,PI,description,UNIT #10 CCW ST GENERATOR COOLER PRESSURE,UNIT #10 CCW ST GENERATOR COOLER PRESSURE F,같은 도면에 같은 문장 6행 · 위→아래 · 좌→우 F번째 · 붙이지 않음 — 이 도면의 테두리 그리드가 텍스트가 아니고 글리프 사전에 E~H·2~8 이 없다,C-1 중복 순번,d7bc456ba7d48321
37,D00P-10PGB10-M05-0003,FIELD,PI,description,UNIT #10 CCW ST STATOR WATER COOLER PRESSURE,UNIT #10 CCW ST STATOR WATER COOLER PRESSURE A,같은 도면에 같은 문장 2행 · 위→아래 · 좌→우 A번째 · 붙이지 않음 — 이 도면의 테두리 그리드가 텍스트가 아니고 글리프 사전에 E~H·2~8 이 없다,C-1 중복 순번,e388be63e7fe140c
37,D00P-10PGB10-M05-0003,FIELD,PI,description,UNIT #10 CCW ST GENERATOR COOLER PRESSURE,UNIT #10 CCW ST GENERATOR COOLER PRESSURE E,같은 도면에 같은 문장 6행 · 위→아래 · 좌→우 E번째 · 붙이지 않음 — 이 도면의 테두리 그리드가 텍스트가 아니고 글리프 사전에 E~H·2~8 이 없다,C-1 중복 순번,e49acddcc7f28e73
37,D00P-10PGB10-M05-0003,FIELD,PI,description,UNIT #10 CCW ST LUBE OIL COOLER PRESSURE,UNIT #10 CCW ST LUBE OIL COOLER PRESSURE C,같은 도면에 같은 문장 6행 · 위→아래 · 좌→우 C번째 · 붙이지 않음 — 이 도면의 테두리 그리드가 텍스트가 아니고 글리프 사전에 E~H·2~8 이 없다,C-1 중복 순번,e539f3d91e7d6488
37,D00P-10PGB10-M05-0003,FIELD,PI,description,UNIT #10 CCW ST GENERATOR COOLER PRESSURE,UNIT #10 CCW ST GENERATOR COOLER PRESSURE A,같은 도면에 같은 문장 6행 · 위→아래 · 좌→우 A번째 · 붙이지 않음 — 이 도면의 테두리 그리드가 텍스트가 아니고 글리프 사전에 E~H·2~8 이 없다,C-1 중복 순번,f64977229d438f3e
37,D00P-10PGB10-M05-0003,FIELD,TI,description,UNIT #10 CCW ST GENERATOR COOLER RETURN TEMPERATURE,UNIT #10 CCW ST GENERATOR COOLER RETURN TEMPERATURE D,같은 도면에 같은 문장 4행 · 위→아래 · 좌→우 D번째 · 붙이지 않음 — 이 도면의 테두리 그리드가 텍스트가 아니고 글리프 사전에 E~H·2~8 이 없다,C-1 중복 순번,fc47b11ea31caf5b
38,D00P-10PGB10-M05-0004,FIELD,PI,description,UNIT #20 CCW #11 BFP A/B MOTOR COOLER PRESSURE,UNIT #20 CCW #11 BFP A/B MOTOR COOLER SUPPLY PRESSURE A,가까운 커넥터 SUPPLY 150.5pt · 2위 RETURN 929.1pt · 그리고 중복 순번 A/2,C-4 커넥터 위치어,0266277fafed985b
38,D00P-10PGB10-M05-0004,FIELD,TI,description,UNIT #11 CCW BFP A/B MOTOR COOLER RETURN TEMPERATURE,UNIT #11 CCW BFP A/B MOTOR COOLER RETURN TEMPERATURE A,같은 도면에 같은 문장 2행 · 위→아래 · 좌→우 A번째 · 붙이지 않음 — 이 도면의 테두리 그리드가 텍스트가 아니고 글리프 사전에 E~H·2~8 이 없다,C-1 중복 순번,11fc66f2e9c252dd
38,D00P-10PGB10-M05-0004,FIELD,PI,description,UNIT #11 CCW BFP A/B MOTOR COOLER PRESSURE,UNIT #11 CCW BFP A/B MOTOR COOLER SUPPLY PRESSURE C,가까운 커넥터 SUPPLY 704.2pt · 2위 RETURN 929.1pt · 그리고 중복 순번 C/3,C-4 커넥터 위치어,1243087c516ff844
38,D00P-10PGB10-M05-0004,FIELD,TI,description,UNIT #11 CCW BFP A/B MOTOR COOLER RETURN TEMPERATURE,UNIT #11 CCW BFP A/B MOTOR COOLER RETURN TEMPERATURE B,같은 도면에 같은 문장 2행 · 위→아래 · 좌→우 B번째 · 붙이지 않음 — 이 도면의 테두리 그리드가 텍스트가 아니고 글리프 사전에 E~H·2~8 이 없다,C-1 중복 순번,24aaea2136f021fd
38,D00P-10PGB10-M05-0004,FIELD,PI,description,UNIT #11 CCW HRSG COOLER PRESSURE,UNIT #11 CCW HRSG COOLER PRESSURE A,같은 도면에 같은 문장 3행 · 위→아래 · 좌→우 A번째 · 붙이지 않음 — 이 도면의 테두리 그리드가 텍스트가 아니고 글리프 사전에 E~H·2~8 이 없다,C-1 중복 순번,269a5f61f31d6953
38,D00P-10PGB10-M05-0004,FIELD,PI,description,UNIT #11 CCW BFP A/B COOLER PRESSURE,UNIT #11 CCW BFP A/B COOLER RETURN PRESSURE,가까운 커넥터 RETURN 468.4pt · 2위 SUPPLY 786.6pt,C-4 커넥터 위치어,2ecf2f0c92dd6fa3
38,D00P-10PGB10-M05-0004,FIELD,PI,description,UNIT #20 CCW #11 BFP A/B COOLER PRESSURE,UNIT #20 CCW #11 BFP A/B COOLER RETURN PRESSURE A,가까운 커넥터 RETURN 267.2pt · 2위 SUPPLY 786.6pt · 그리고 중복 순번 A/2,C-4 커넥터 위치어,3197571315b8eeb0
38,D00P-10PGB10-M05-0004,FIELD,PI,description,UNIT #20 CCW AUXILIARY BOILER COOLER PRESSURE,UNIT #20 CCW AUXILIARY BOILER COOLER SUPPLY PRESSURE,가까운 커넥터 SUPPLY 273.8pt · 2위 RETURN 929.1pt,C-4 커넥터 위치어,3b6625709b9ca3e7
38,D00P-10PGB10-M05-0004,FIELD,PI,description,UNIT #20 CCW AUXILIARY BOILER COOLER PRESSURE,UNIT #20 CCW AUXILIARY BOILER COOLER RETURN PRESSURE,가까운 커넥터 RETURN 267.2pt · 2위 SUPPLY 786.6pt,C-4 커넥터 위치어,4bc2b158f2953118
38,D00P-10PGB10-M05-0004,FIELD,PI,description,UNIT #11 CCW HRSG COOLER PRESSURE,UNIT #11 CCW HRSG COOLER PRESSURE B,같은 도면에 같은 문장 3행 · 위→아래 · 좌→우 B번째 · 붙이지 않음 — 이 도면의 테두리 그리드가 텍스트가 아니고 글리프 사전에 E~H·2~8 이 없다,C-1 중복 순번,685b1275a5464a91
38,D00P-10PGB10-M05-0004,FIELD,PI,description,UNIT #11 CCW BFP A/B MOTOR COOLER PRESSURE,UNIT #11 CCW BFP A/B MOTOR COOLER RETURN PRESSURE,가까운 커넥터 RETURN 595.8pt · 2위 SUPPLY 786.6pt,C-4 커넥터 위치어,6c3e9bfa78b3a9df
38,D00P-10PGB10-M05-0004,FIELD,PI,description,UNIT #11 CCW HRSG COOLER PRESSURE,UNIT #11 CCW HRSG COOLER PRESSURE C,같은 도면에 같은 문장 3행 · 위→아래 · 좌→우 C번째 · 붙이지 않음 — 이 도면의 테두리 그리드가 텍스트가 아니고 글리프 사전에 E~H·2~8 이 없다,C-1 중복 순번,6c5f697d35a83a81
38,D00P-10PGB10-M05-0004,FIELD,PI,description,UNIT #20 CCW #11 BFP A/B COOLER PRESSURE,UNIT #20 CCW #11 BFP A/B COOLER SUPPLY PRESSURE,가까운 커넥터 SUPPLY 124.7pt · 2위 RETURN 929.1pt,C-4 커넥터 위치어,743513f1c5f1ebc3
38,D00P-10PGB10-M05-0004,FIELD,TI,description,UNIT #20 CCW AUXILIARY BOILER COOLER RETURN TEMPERATURE,UNIT #20 CCW AUXILIARY BOILER COOLER RETURN TEMPERATURE A,같은 도면에 같은 문장 2행 · 위→아래 · 좌→우 A번째 · 붙이지 않음 — 이 도면의 테두리 그리드가 텍스트가 아니고 글리프 사전에 E~H·2~8 이 없다,C-1 중복 순번,7ee5b0e652dd5fb7
38,D00P-10PGB10-M05-0004,FIELD,PI,description,UNIT #11 CCW BFP A/B MOTOR COOLER PRESSURE,UNIT #11 CCW BFP A/B MOTOR COOLER SUPPLY PRESSURE A,가까운 커넥터 SUPPLY 427.3pt · 2위 RETURN 929.1pt · 그리고 중복 순번 A/3,C-4 커넥터 위치어,89430abffe5c0968
38,D00P-10PGB10-M05-0004,FIELD,TI,description,UNIT #11 CCW HRSG COOLER RETURN TEMPERATURE,UNIT #11 CCW HRSG COOLER RETURN TEMPERATURE A,같은 도면에 같은 문장 2행 · 위→아래 · 좌→우 A번째 · 붙이지 않음 — 이 도면의 테두리 그리드가 텍스트가 아니고 글리프 사전에 E~H·2~8 이 없다,C-1 중복 순번,913f2cbc59bd775c
38,D00P-10PGB10-M05-0004,FIELD,PI,description,UNIT #11 CCW BFP A/B MOTOR COOLER PRESSURE,UNIT #11 CCW BFP A/B MOTOR COOLER SUPPLY PRESSURE B,가까운 커넥터 SUPPLY 576.8pt · 2위 RETURN 929.1pt · 그리고 중복 순번 B/3,C-4 커넥터 위치어,9ed2ad1d6cf115ea
38,D00P-10PGB10-M05-0004,FIELD,PI,description,UNIT #20 CCW #11 BFP A/B COOLER PRESSURE,UNIT #20 CCW #11 BFP A/B COOLER RETURN PRESSURE B,가까운 커넥터 RETURN 319.0pt · 2위 SUPPLY 786.6pt · 그리고 중복 순번 B/2,C-4 커넥터 위치어,a04a0c15fea21306
38,D00P-10PGB10-M05-0004,FIELD,PI,description,UNIT #20 CCW #11 BFP A/B MOTOR COOLER PRESSURE,UNIT #20 CCW #11 BFP A/B MOTOR COOLER SUPPLY PRESSURE B,가까운 커넥터 SUPPLY 300.0pt · 2위 RETURN 929.1pt · 그리고 중복 순번 B/2,C-4 커넥터 위치어,d8141581cb77ae2e
38,D00P-10PGB10-M05-0004,FIELD,TI,description,UNIT #11 CCW HRSG COOLER RETURN TEMPERATURE,UNIT #11 CCW HRSG COOLER RETURN TEMPERATURE B,같은 도면에 같은 문장 2행 · 위→아래 · 좌→우 B번째 · 붙이지 않음 — 이 도면의 테두리 그리드가 텍스트가 아니고 글리프 사전에 E~H·2~8 이 없다,C-1 중복 순번,fa728602608dbb7a
38,D00P-10PGB10-M05-0004,FIELD,TI,description,UNIT #20 CCW AUXILIARY BOILER COOLER RETURN TEMPERATURE,UNIT #20 CCW AUXILIARY BOILER COOLER RETURN TEMPERATURE B,같은 도면에 같은 문장 2행 · 위→아래 · 좌→우 B번째 · 붙이지 않음 — 이 도면의 테두리 그리드가 텍스트가 아니고 글리프 사전에 E~H·2~8 이 없다,C-1 중복 순번,ff64b5d4e70239d7
39,D00P-10PGB10-M05-0005,FIELD,PI,description,UNIT #12 CCW BFP A/B COOLER PRESSURE,UNIT #12 CCW BFP A/B COOLER PRESSURE B,같은 도면에 같은 문장 4행 · 위→아래 · 좌→우 B번째 · 붙이지 않음 — 이 도면의 테두리 그리드가 텍스트가 아니고 글리프 사전에 E~H·2~8 이 없다,C-1 중복 순번,053c9e2950a31afe
39,D00P-10PGB10-M05-0005,FIELD,PI,description,UNIT #12 CCW HRSG COOLER PRESSURE,UNIT #12 CCW HRSG COOLER PRESSURE E,같은 도면에 같은 문장 6행 · 위→아래 · 좌→우 E번째 · 붙이지 않음 — 이 도면의 테두리 그리드가 텍스트가 아니고 글리프 사전에 E~H·2~8 이 없다,C-1 중복 순번,32865112962ada94
39,D00P-10PGB10-M05-0005,FIELD,PI,description,UNIT #12 CCW HRSG COOLER PRESSURE,UNIT #12 CCW HRSG COOLER PRESSURE D,같은 도면에 같은 문장 6행 · 위→아래 · 좌→우 D번째 · 붙이지 않음 — 이 도면의 테두리 그리드가 텍스트가 아니고 글리프 사전에 E~H·2~8 이 없다,C-1 중복 순번,3fa24d71aeb50bd6
39,D00P-10PGB10-M05-0005,FIELD,PI,description,UNIT #12 CCW BFP A/B COOLER PRESSURE,UNIT #12 CCW BFP A/B COOLER PRESSURE A,같은 도면에 같은 문장 4행 · 위→아래 · 좌→우 A번째 · 붙이지 않음 — 이 도면의 테두리 그리드가 텍스트가 아니고 글리프 사전에 E~H·2~8 이 없다,C-1 중복 순번,733c40ab8ea1d373
39,D00P-10PGB10-M05-0005,FIELD,TI,description,UNIT #12 CCW BFP A/B COOLER RETURN TEMPERATURE,UNIT #12 CCW BFP A/B COOLER RETURN TEMPERATURE A,같은 도면에 같은 문장 3행 · 위→아래 · 좌→우 A번째 · 붙이지 않음 — 이 도면의 테두리 그리드가 텍스트가 아니고 글리프 사전에 E~H·2~8 이 없다,C-1 중복 순번,897d1a60ccb16bf8
39,D00P-10PGB10-M05-0005,FIELD,PI,description,UNIT #12 CCW BFP A/B COOLER PRESSURE,UNIT #12 CCW BFP A/B COOLER PRESSURE D,같은 도면에 같은 문장 4행 · 위→아래 · 좌→우 D번째 · 붙이지 않음 — 이 도면의 테두리 그리드가 텍스트가 아니고 글리프 사전에 E~H·2~8 이 없다,C-1 중복 순번,8a4f72da869b3c5b
39,D00P-10PGB10-M05-0005,FIELD,PI,description,UNIT #12 CCW BFP A/B COOLER PRESSURE,UNIT #12 CCW BFP A/B COOLER PRESSURE C,같은 도면에 같은 문장 4행 · 위→아래 · 좌→우 C번째 · 붙이지 않음 — 이 도면의 테두리 그리드가 텍스트가 아니고 글리프 사전에 E~H·2~8 이 없다,C-1 중복 순번,98175ff34095e204
39,D00P-10PGB10-M05-0005,FIELD,PI,description,UNIT #12 CCW BFP MOTOR COOLER PRESSURE,UNIT #12 CCW BFP MOTOR COOLER PRESSURE B,같은 도면에 같은 문장 4행 · 위→아래 · 좌→우 B번째 · 붙이지 않음 — 이 도면의 테두리 그리드가 텍스트가 아니고 글리프 사전에 E~H·2~8 이 없다,C-1 중복 순번,a2220dec7448898d
39,D00P-10PGB10-M05-0005,FIELD,PI,description,UNIT #12 CCW BFP MOTOR COOLER PRESSURE,UNIT #12 CCW BFP MOTOR COOLER PRESSURE C,같은 도면에 같은 문장 4행 · 위→아래 · 좌→우 C번째 · 붙이지 않음 — 이 도면의 테두리 그리드가 텍스트가 아니고 글리프 사전에 E~H·2~8 이 없다,C-1 중복 순번,a33bdd5d069d6a2c
39,D00P-10PGB10-M05-0005,FIELD,TI,description,UNIT #12 CCW BFP A/B COOLER RETURN TEMPERATURE,UNIT #12 CCW BFP A/B COOLER RETURN TEMPERATURE B,같은 도면에 같은 문장 3행 · 위→아래 · 좌→우 B번째 · 붙이지 않음 — 이 도면의 테두리 그리드가 텍스트가 아니고 글리프 사전에 E~H·2~8 이 없다,C-1 중복 순번,a88707f9b9661f63
39,D00P-10PGB10-M05-0005,FIELD,TI,description,UNIT #12 CCW BFP MOTOR COOLER RETURN TEMPERATURE,UNIT #12 CCW BFP MOTOR COOLER RETURN TEMPERATURE B,같은 도면에 같은 문장 2행 · 위→아래 · 좌→우 B번째 · 붙이지 않음 — 이 도면의 테두리 그리드가 텍스트가 아니고 글리프 사전에 E~H·2~8 이 없다,C-1 중복 순번,b272e664db132df5
39,D00P-10PGB10-M05-0005,FIELD,PI,description,UNIT #12 CCW BFP MOTOR COOLER PRESSURE,UNIT #12 CCW BFP MOTOR COOLER PRESSURE D,같은 도면에 같은 문장 4행 · 위→아래 · 좌→우 D번째 · 붙이지 않음 — 이 도면의 테두리 그리드가 텍스트가 아니고 글리프 사전에 E~H·2~8 이 없다,C-1 중복 순번,badc61efe5c07ba9
39,D00P-10PGB10-M05-0005,FIELD,PI,description,UNIT #12 CCW HRSG COOLER PRESSURE,UNIT #12 CCW HRSG COOLER PRESSURE F,같은 도면에 같은 문장 6행 · 위→아래 · 좌→우 F번째 · 붙이지 않음 — 이 도면의 테두리 그리드가 텍스트가 아니고 글리프 사전에 E~H·2~8 이 없다,C-1 중복 순번,c49ed46170e629d5
39,D00P-10PGB10-M05-0005,FIELD,PI,description,UNIT #12 CCW HRSG COOLER PRESSURE,UNIT #12 CCW HRSG COOLER PRESSURE C,같은 도면에 같은 문장 6행 · 위→아래 · 좌→우 C번째 · 붙이지 않음 — 이 도면의 테두리 그리드가 텍스트가 아니고 글리프 사전에 E~H·2~8 이 없다,C-1 중복 순번,c84132502b437290
39,D00P-10PGB10-M05-0005,FIELD,PI,description,UNIT #12 CCW HRSG COOLER PRESSURE,UNIT #12 CCW HRSG COOLER PRESSURE A,같은 도면에 같은 문장 6행 · 위→아래 · 좌→우 A번째 · 붙이지 않음 — 이 도면의 테두리 그리드가 텍스트가 아니고 글리프 사전에 E~H·2~8 이 없다,C-1 중복 순번,cbc0072e90d5377d
39,D00P-10PGB10-M05-0005,FIELD,TI,description,UNIT #12 CCW BFP A/B COOLER RETURN TEMPERATURE,UNIT #12 CCW BFP A/B COOLER RETURN TEMPERATURE C,같은 도면에 같은 문장 3행 · 위→아래 · 좌→우 C번째 · 붙이지 않음 — 이 도면의 테두리 그리드가 텍스트가 아니고 글리프 사전에 E~H·2~8 이 없다,C-1 중복 순번,cd937602461272ac
39,D00P-10PGB10-M05-0005,FIELD,TI,description,UNIT #12 CCW HRSG COOLER RETURN TEMPERATURE,UNIT #12 CCW HRSG COOLER RETURN TEMPERATURE B,같은 도면에 같은 문장 2행 · 위→아래 · 좌→우 B번째 · 붙이지 않음 — 이 도면의 테두리 그리드가 텍스트가 아니고 글리프 사전에 E~H·2~8 이 없다,C-1 중복 순번,cdebaaf7d0cf3c2e
39,D00P-10PGB10-M05-0005,FIELD,TI,description,UNIT #12 CCW BFP MOTOR COOLER RETURN TEMPERATURE,UNIT #12 CCW BFP MOTOR COOLER RETURN TEMPERATURE A,같은 도면에 같은 문장 2행 · 위→아래 · 좌→우 A번째 · 붙이지 않음 — 이 도면의 테두리 그리드가 텍스트가 아니고 글리프 사전에 E~H·2~8 이 없다,C-1 중복 순번,cecfa96fbc543764
39,D00P-10PGB10-M05-0005,FIELD,PI,description,UNIT #12 CCW HRSG COOLER PRESSURE,UNIT #12 CCW HRSG COOLER PRESSURE B,같은 도면에 같은 문장 6행 · 위→아래 · 좌→우 B번째 · 붙이지 않음 — 이 도면의 테두리 그리드가 텍스트가 아니고 글리프 사전에 E~H·2~8 이 없다,C-1 중복 순번,d278c5e3694c857c
39,D00P-10PGB10-M05-0005,FIELD,PI,description,UNIT #12 CCW BFP MOTOR COOLER PRESSURE,UNIT #12 CCW BFP MOTOR COOLER PRESSURE A,같은 도면에 같은 문장 4행 · 위→아래 · 좌→우 A번째 · 붙이지 않음 — 이 도면의 테두리 그리드가 텍스트가 아니고 글리프 사전에 E~H·2~8 이 없다,C-1 중복 순번,d99f3a7707bc56cb
39,D00P-10PGB10-M05-0005,FIELD,TI,description,UNIT #12 CCW HRSG COOLER RETURN TEMPERATURE,UNIT #12 CCW HRSG COOLER RETURN TEMPERATURE A,같은 도면에 같은 문장 2행 · 위→아래 · 좌→우 A번째 · 붙이지 않음 — 이 도면의 테두리 그리드가 텍스트가 아니고 글리프 사전에 E~H·2~8 이 없다,C-1 중복 순번,f6233179c303fe9d
40,D00P-10PGB10-M05-0006,FIELD,PI,description,UNIT #11 CCW GT HP PURGE AIR COMPRESSOR COOLER PRESSURE,UNIT #11 CCW GT HP PURGE AIR COMPRESSOR COOLER PRESSURE B,같은 도면에 같은 문장 2행 · 위→아래 · 좌→우 B번째 · 붙이지 않음 — 이 도면의 테두리 그리드가 텍스트가 아니고 글리프 사전에 E~H·2~8 이 없다,C-1 중복 순번,00c947057ecad7e1
40,D00P-10PGB10-M05-0006,FIELD,PI,description,UNIT #11 CCW GT GENERATOR HYDROGEN GAS COOLER PRESSURE,UNIT #11 CCW GT GENERATOR HYDROGEN GAS COOLER PRESSURE C,같은 도면에 같은 문장 6행 · 위→아래 · 좌→우 C번째 · 붙이지 않음 — 이 도면의 테두리 그리드가 텍스트가 아니고 글리프 사전에 E~H·2~8 이 없다,C-1 중복 순번,074ed0000e8da5e5
40,D00P-10PGB10-M05-0006,FIELD,TI,description,UNIT #11 CCW GT 2C COOLER RETURN TEMPERATURE,UNIT #11 CCW GT 2C COOLER RETURN TEMPERATURE B,같은 도면에 같은 문장 2행 · 위→아래 · 좌→우 B번째 · 붙이지 않음 — 이 도면의 테두리 그리드가 텍스트가 아니고 글리프 사전에 E~H·2~8 이 없다,C-1 중복 순번,0f290ea909b8935a
40,D00P-10PGB10-M05-0006,FIELD,PI,description,UNIT #11 CCW GT CONTROL OIL COOLER PRESSURE,UNIT #11 CCW GT CONTROL OIL COOLER PRESSURE B,같은 도면에 같은 문장 4행 · 위→아래 · 좌→우 B번째 · 붙이지 않음 — 이 도면의 테두리 그리드가 텍스트가 아니고 글리프 사전에 E~H·2~8 이 없다,C-1 중복 순번,14327f99e1974bbd
40,D00P-10PGB10-M05-0006,FIELD,TI,description,UNIT #11 CCW GT GENERATOR HYDROGEN GAS COOLER RETURN TEMPERATURE,UNIT #11 CCW GT GENERATOR HYDROGEN GAS COOLER RETURN TEMPERATURE B,같은 도면에 같은 문장 2행 · 위→아래 · 좌→우 B번째 · 붙이지 않음 — 이 도면의 테두리 그리드가 텍스트가 아니고 글리프 사전에 E~H·2~8 이 없다,C-1 중복 순번,1d92eb56e0294d6d
40,D00P-10PGB10-M05-0006,FIELD,PI,description,UNIT #11 CCW GT 2C COOLER PRESSURE,UNIT #11 CCW GT 2C COOLER PRESSURE A,같은 도면에 같은 문장 3행 · 위→아래 · 좌→우 A번째 · 붙이지 않음 — 이 도면의 테두리 그리드가 텍스트가 아니고 글리프 사전에 E~H·2~8 이 없다,C-1 중복 순번,2aaade776f528417
40,D00P-10PGB10-M05-0006,FIELD,TI,description,UNIT #11 CCW GT CONTROL OIL COOLER RETURN TEMPERATURE,UNIT #11 CCW GT CONTROL OIL COOLER RETURN TEMPERATURE C,같은 도면에 같은 문장 3행 · 위→아래 · 좌→우 C번째 · 붙이지 않음 — 이 도면의 테두리 그리드가 텍스트가 아니고 글리프 사전에 E~H·2~8 이 없다,C-1 중복 순번,3940d88191285dbc
40,D00P-10PGB10-M05-0006,FIELD,PI,description,UNIT #11 CCW GT FUEL OIL PURGE AIR COOLER PRESSURE,UNIT #11 CCW GT FUEL OIL PURGE AIR COOLER PRESSURE A,같은 도면에 같은 문장 2행 · 위→아래 · 좌→우 A번째 · 붙이지 않음 — 이 도면의 테두리 그리드가 텍스트가 아니고 글리프 사전에 E~H·2~8 이 없다,C-1 중복 순번,3f5f871be862c16a
40,D00P-10PGB10-M05-0006,FIELD,PI,description,UNIT #11 CCW GT FUEL OIL PURGE AIR COOLER PRESSURE,UNIT #11 CCW GT FUEL OIL PURGE AIR COOLER PRESSURE B,같은 도면에 같은 문장 2행 · 위→아래 · 좌→우 B번째 · 붙이지 않음 — 이 도면의 테두리 그리드가 텍스트가 아니고 글리프 사전에 E~H·2~8 이 없다,C-1 중복 순번,45fcb4a5b787492a
40,D00P-10PGB10-M05-0006,FIELD,PI,description,UNIT #11 CCW GT ENHANCED COOLING AIR COMPRESSOR PRESSURE,UNIT #11 CCW GT ENHANCED COOLING AIR COMPRESSOR PRESSURE A,같은 도면에 같은 문장 3행 · 위→아래 · 좌→우 A번째 · 붙이지 않음 — 이 도면의 테두리 그리드가 텍스트가 아니고 글리프 사전에 E~H·2~8 이 없다,C-1 중복 순번,4a710514abd1fdee
40,D00P-10PGB10-M05-0006,FIELD,TI,description,UNIT #11 CCW GT CONTROL OIL COOLER RETURN TEMPERATURE,UNIT #11 CCW GT CONTROL OIL COOLER RETURN TEMPERATURE A,같은 도면에 같은 문장 3행 · 위→아래 · 좌→우 A번째 · 붙이지 않음 — 이 도면의 테두리 그리드가 텍스트가 아니고 글리프 사전에 E~H·2~8 이 없다,C-1 중복 순번,4dd5e7adc646caa0
40,D00P-10PGB10-M05-0006,FIELD,PI,description,UNIT #11 CCW GT GENERATOR HYDROGEN GAS COOLER PRESSURE,UNIT #11 CCW GT GENERATOR HYDROGEN GAS COOLER PRESSURE E,같은 도면에 같은 문장 6행 · 위→아래 · 좌→우 E번째 · 붙이지 않음 — 이 도면의 테두리 그리드가 텍스트가 아니고 글리프 사전에 E~H·2~8 이 없다,C-1 중복 순번,535b6f436a01dc25
40,D00P-10PGB10-M05-0006,FIELD,PI,description,UNIT #11 CCW GT ENHANCED COOLING AIR COMPRESSOR PRESSURE,UNIT #11 CCW GT ENHANCED COOLING AIR COMPRESSOR PRESSURE B,같은 도면에 같은 문장 3행 · 위→아래 · 좌→우 B번째 · 붙이지 않음 — 이 도면의 테두리 그리드가 텍스트가 아니고 글리프 사전에 E~H·2~8 이 없다,C-1 중복 순번,64b1ac964e123779
40,D00P-10PGB10-M05-0006,FIELD,PI,description,UNIT #11 CCW GT ENHANCED COOLING AIR COMPRESSOR PRESSURE,UNIT #11 CCW GT ENHANCED COOLING AIR COMPRESSOR PRESSURE C,같은 도면에 같은 문장 3행 · 위→아래 · 좌→우 C번째 · 붙이지 않음 — 이 도면의 테두리 그리드가 텍스트가 아니고 글리프 사전에 E~H·2~8 이 없다,C-1 중복 순번,67b9ee8a093c805d
40,D00P-10PGB10-M05-0006,FIELD,TI,description,UNIT #11 CCW GT 2C COOLER RETURN TEMPERATURE,UNIT #11 CCW GT 2C COOLER RETURN TEMPERATURE A,같은 도면에 같은 문장 2행 · 위→아래 · 좌→우 A번째 · 붙이지 않음 — 이 도면의 테두리 그리드가 텍스트가 아니고 글리프 사전에 E~H·2~8 이 없다,C-1 중복 순번,6ee54e422c4af87d
40,D00P-10PGB10-M05-0006,FIELD,PI,description,UNIT #11 CCW GT HP PURGE AIR COMPRESSOR COOLER PRESSURE,UNIT #11 CCW GT HP PURGE AIR COMPRESSOR COOLER PRESSURE A,같은 도면에 같은 문장 2행 · 위→아래 · 좌→우 A번째 · 붙이지 않음 — 이 도면의 테두리 그리드가 텍스트가 아니고 글리프 사전에 E~H·2~8 이 없다,C-1 중복 순번,7a420803ca4d334c
40,D00P-10PGB10-M05-0006,FIELD,PI,description,UNIT #11 CCW GT GENERATOR HYDROGEN GAS COOLER PRESSURE,UNIT #11 CCW GT GENERATOR HYDROGEN GAS COOLER PRESSURE B,같은 도면에 같은 문장 6행 · 위→아래 · 좌→우 B번째 · 붙이지 않음 — 이 도면의 테두리 그리드가 텍스트가 아니고 글리프 사전에 E~H·2~8 이 없다,C-1 중복 순번,7b6e32101c4e4340
40,D00P-10PGB10-M05-0006,FIELD,PI,description,UNIT #11 CCW GT 2C COOLER PRESSURE,UNIT #11 CCW GT 2C COOLER PRESSURE C,같은 도면에 같은 문장 3행 · 위→아래 · 좌→우 C번째 · 붙이지 않음 — 이 도면의 테두리 그리드가 텍스트가 아니고 글리프 사전에 E~H·2~8 이 없다,C-1 중복 순번,87040e61e388e8aa
40,D00P-10PGB10-M05-0006,FIELD,PI,description,UNIT #11 CCW GT GENERATOR HYDROGEN GAS COOLER PRESSURE,UNIT #11 CCW GT GENERATOR HYDROGEN GAS COOLER PRESSURE D,같은 도면에 같은 문장 6행 · 위→아래 · 좌→우 D번째 · 붙이지 않음 — 이 도면의 테두리 그리드가 텍스트가 아니고 글리프 사전에 E~H·2~8 이 없다,C-1 중복 순번,872abe5ef92bb16f
40,D00P-10PGB10-M05-0006,FIELD,TI,description,UNIT #11 CCW GT GENERATOR HYDROGEN GAS COOLER RETURN TEMPERATURE,UNIT #11 CCW GT GENERATOR HYDROGEN GAS COOLER RETURN TEMPERATURE A,같은 도면에 같은 문장 2행 · 위→아래 · 좌→우 A번째 · 붙이지 않음 — 이 도면의 테두리 그리드가 텍스트가 아니고 글리프 사전에 E~H·2~8 이 없다,C-1 중복 순번,9259a5aec7367297
40,D00P-10PGB10-M05-0006,FIELD,PI,description,UNIT #11 CCW GT CONTROL OIL COOLER PRESSURE,UNIT #11 CCW GT CONTROL OIL COOLER PRESSURE D,같은 도면에 같은 문장 4행 · 위→아래 · 좌→우 D번째 · 붙이지 않음 — 이 도면의 테두리 그리드가 텍스트가 아니고 글리프 사전에 E~H·2~8 이 없다,C-1 중복 순번,9a041e728a4a4194
40,D00P-10PGB10-M05-0006,FIELD,TI,description,UNIT #11 CCW GT CONTROL OIL COOLER RETURN TEMPERATURE,UNIT #11 CCW GT CONTROL OIL COOLER RETURN TEMPERATURE B,같은 도면에 같은 문장 3행 · 위→아래 · 좌→우 B번째 · 붙이지 않음 — 이 도면의 테두리 그리드가 텍스트가 아니고 글리프 사전에 E~H·2~8 이 없다,C-1 중복 순번,a3f83c11983cdca6
40,D00P-10PGB10-M05-0006,FIELD,PI,description,UNIT #11 CCW GT 2C COOLER PRESSURE,UNIT #11 CCW GT 2C COOLER PRESSURE B,같은 도면에 같은 문장 3행 · 위→아래 · 좌→우 B번째 · 붙이지 않음 — 이 도면의 테두리 그리드가 텍스트가 아니고 글리프 사전에 E~H·2~8 이 없다,C-1 중복 순번,a51b590f757d2a2f
40,D00P-10PGB10-M05-0006,FIELD,PI,description,UNIT #11 CCW GT CONTROL OIL COOLER PRESSURE,UNIT #11 CCW GT CONTROL OIL COOLER PRESSURE C,같은 도면에 같은 문장 4행 · 위→아래 · 좌→우 C번째 · 붙이지 않음 — 이 도면의 테두리 그리드가 텍스트가 아니고 글리프 사전에 E~H·2~8 이 없다,C-1 중복 순번,c78d2efa840ce66d
40,D00P-10PGB10-M05-0006,FIELD,PI,description,UNIT #11 CCW GT GENERATOR HYDROGEN GAS COOLER PRESSURE,UNIT #11 CCW GT GENERATOR HYDROGEN GAS COOLER PRESSURE A,같은 도면에 같은 문장 6행 · 위→아래 · 좌→우 A번째 · 붙이지 않음 — 이 도면의 테두리 그리드가 텍스트가 아니고 글리프 사전에 E~H·2~8 이 없다,C-1 중복 순번,d384a0b611264e41
40,D00P-10PGB10-M05-0006,FIELD,PI,description,UNIT #11 CCW GT CONTROL OIL COOLER PRESSURE,UNIT #11 CCW GT CONTROL OIL COOLER PRESSURE A,같은 도면에 같은 문장 4행 · 위→아래 · 좌→우 A번째 · 붙이지 않음 — 이 도면의 테두리 그리드가 텍스트가 아니고 글리프 사전에 E~H·2~8 이 없다,C-1 중복 순번,e9c26763e41a9242
40,D00P-10PGB10-M05-0006,FIELD,PI,description,UNIT #11 CCW GT GENERATOR HYDROGEN GAS COOLER PRESSURE,UNIT #11 CCW GT GENERATOR HYDROGEN GAS COOLER PRESSURE F,같은 도면에 같은 문장 6행 · 위→아래 · 좌→우 F번째 · 붙이지 않음 — 이 도면의 테두리 그리드가 텍스트가 아니고 글리프 사전에 E~H·2~8 이 없다,C-1 중복 순번,fb3fa770e950969f
41,D00P-10PGB10-M05-0007,FIELD,PI,description,UNIT #12 CCW GT GENERATOR HYDROGEN GAS COOLER PRESSURE,UNIT #12 CCW GT GENERATOR HYDROGEN GAS COOLER PRESSURE C,같은 도면에 같은 문장 6행 · 위→아래 · 좌→우 C번째 · 붙이지 않음 — 이 도면의 테두리 그리드가 텍스트가 아니고 글리프 사전에 E~H·2~8 이 없다,C-1 중복 순번,0cdb499d89b27ee5
41,D00P-10PGB10-M05-0007,FIELD,PI,description,UNIT #12 CCW GT ENHANCED COOLING AIR COMPRESSOR PRESSURE,UNIT #12 CCW GT ENHANCED COOLING AIR COMPRESSOR PRESSURE B,같은 도면에 같은 문장 3행 · 위→아래 · 좌→우 B번째 · 붙이지 않음 — 이 도면의 테두리 그리드가 텍스트가 아니고 글리프 사전에 E~H·2~8 이 없다,C-1 중복 순번,0d75d3152c9a61a7
41,D00P-10PGB10-M05-0007,FIELD,PI,description,UNIT #12 CCW GT GENERATOR HYDROGEN GAS COOLER PRESSURE,UNIT #12 CCW GT GENERATOR HYDROGEN GAS COOLER PRESSURE A,같은 도면에 같은 문장 6행 · 위→아래 · 좌→우 A번째 · 붙이지 않음 — 이 도면의 테두리 그리드가 텍스트가 아니고 글리프 사전에 E~H·2~8 이 없다,C-1 중복 순번,0ebb1b36da62bc50
41,D00P-10PGB10-M05-0007,FIELD,PI,description,UNIT #12 CCW GT ENHANCED COOLING AIR COMPRESSOR PRESSURE,UNIT #12 CCW GT ENHANCED COOLING AIR COMPRESSOR PRESSURE C,같은 도면에 같은 문장 3행 · 위→아래 · 좌→우 C번째 · 붙이지 않음 — 이 도면의 테두리 그리드가 텍스트가 아니고 글리프 사전에 E~H·2~8 이 없다,C-1 중복 순번,2175a0cf725857e4
41,D00P-10PGB10-M05-0007,FIELD,TI,description,UNIT #12 CCW GT GENERATOR HYDROGEN GAS COOLER RETURN TEMPERATURE,UNIT #12 CCW GT GENERATOR HYDROGEN GAS COOLER RETURN TEMPERATURE B,같은 도면에 같은 문장 2행 · 위→아래 · 좌→우 B번째 · 붙이지 않음 — 이 도면의 테두리 그리드가 텍스트가 아니고 글리프 사전에 E~H·2~8 이 없다,C-1 중복 순번,2c18cb76958af13d
41,D00P-10PGB10-M05-0007,FIELD,PI,description,UNIT #12 CCW GT GENERATOR HYDROGEN GAS COOLER PRESSURE,UNIT #12 CCW GT GENERATOR HYDROGEN GAS COOLER PRESSURE B,같은 도면에 같은 문장 6행 · 위→아래 · 좌→우 B번째 · 붙이지 않음 — 이 도면의 테두리 그리드가 텍스트가 아니고 글리프 사전에 E~H·2~8 이 없다,C-1 중복 순번,2d6d8135460fc5f2
41,D00P-10PGB10-M05-0007,FIELD,PI,description,UNIT #12 CCW GT HP PURGE AIR COMPRESSOR COOLER PRESSURE,UNIT #12 CCW GT HP PURGE AIR COMPRESSOR COOLER PRESSURE A,같은 도면에 같은 문장 2행 · 위→아래 · 좌→우 A번째 · 붙이지 않음 — 이 도면의 테두리 그리드가 텍스트가 아니고 글리프 사전에 E~H·2~8 이 없다,C-1 중복 순번,3cb0d05ca2d865c0
41,D00P-10PGB10-M05-0007,FIELD,PI,description,UNIT #12 CCW GT GENERATOR HYDROGEN GAS COOLER PRESSURE,UNIT #12 CCW GT GENERATOR HYDROGEN GAS COOLER PRESSURE D,같은 도면에 같은 문장 6행 · 위→아래 · 좌→우 D번째 · 붙이지 않음 — 이 도면의 테두리 그리드가 텍스트가 아니고 글리프 사전에 E~H·2~8 이 없다,C-1 중복 순번,430fb4d4386bb62b
41,D00P-10PGB10-M05-0007,FIELD,PI,description,UNIT #12 CCW GT 2C COOLER PRESSURE,UNIT #12 CCW GT 2C COOLER PRESSURE A,같은 도면에 같은 문장 3행 · 위→아래 · 좌→우 A번째 · 붙이지 않음 — 이 도면의 테두리 그리드가 텍스트가 아니고 글리프 사전에 E~H·2~8 이 없다,C-1 중복 순번,47a72f329a8defb6
41,D00P-10PGB10-M05-0007,FIELD,TI,description,UNIT #12 CCW GT CONTROL OIL COOLER RETURN TEMPERATURE,UNIT #12 CCW GT CONTROL OIL COOLER RETURN TEMPERATURE B,같은 도면에 같은 문장 3행 · 위→아래 · 좌→우 B번째 · 붙이지 않음 — 이 도면의 테두리 그리드가 텍스트가 아니고 글리프 사전에 E~H·2~8 이 없다,C-1 중복 순번,51b9ee1d99c3af57
41,D00P-10PGB10-M05-0007,FIELD,PI,description,UNIT #12 CCW GT 2C COOLER PRESSURE,UNIT #12 CCW GT 2C COOLER PRESSURE C,같은 도면에 같은 문장 3행 · 위→아래 · 좌→우 C번째 · 붙이지 않음 — 이 도면의 테두리 그리드가 텍스트가 아니고 글리프 사전에 E~H·2~8 이 없다,C-1 중복 순번,5bfa48a042d9eb9b
41,D00P-10PGB10-M05-0007,FIELD,PI,description,UNIT #12 CCW GT 2C COOLER PRESSURE,UNIT #12 CCW GT 2C COOLER PRESSURE B,같은 도면에 같은 문장 3행 · 위→아래 · 좌→우 B번째 · 붙이지 않음 — 이 도면의 테두리 그리드가 텍스트가 아니고 글리프 사전에 E~H·2~8 이 없다,C-1 중복 순번,6008be7da1c5d6be
41,D00P-10PGB10-M05-0007,FIELD,TI,description,UNIT #12 CCW GT CONTROL OIL COOLER RETURN TEMPERATURE,UNIT #12 CCW GT CONTROL OIL COOLER RETURN TEMPERATURE C,같은 도면에 같은 문장 3행 · 위→아래 · 좌→우 C번째 · 붙이지 않음 — 이 도면의 테두리 그리드가 텍스트가 아니고 글리프 사전에 E~H·2~8 이 없다,C-1 중복 순번,6f73474fb86ccbe7
41,D00P-10PGB10-M05-0007,FIELD,PI,description,UNIT #12 CCW GT ENHANCED COOLING AIR COMPRESSOR PRESSURE,UNIT #12 CCW GT ENHANCED COOLING AIR COMPRESSOR PRESSURE A,같은 도면에 같은 문장 3행 · 위→아래 · 좌→우 A번째 · 붙이지 않음 — 이 도면의 테두리 그리드가 텍스트가 아니고 글리프 사전에 E~H·2~8 이 없다,C-1 중복 순번,7c8f53a479491697
41,D00P-10PGB10-M05-0007,FIELD,PI,description,UNIT #12 CCW GT HP PURGE AIR COMPRESSOR COOLER PRESSURE,UNIT #12 CCW GT HP PURGE AIR COMPRESSOR COOLER PRESSURE B,같은 도면에 같은 문장 2행 · 위→아래 · 좌→우 B번째 · 붙이지 않음 — 이 도면의 테두리 그리드가 텍스트가 아니고 글리프 사전에 E~H·2~8 이 없다,C-1 중복 순번,80a42cfcf832030f
41,D00P-10PGB10-M05-0007,FIELD,PI,description,UNIT #12 CCW GT FUEL OIL PURGE AIR COOLER PRESSURE,UNIT #12 CCW GT FUEL OIL PURGE AIR COOLER PRESSURE B,같은 도면에 같은 문장 2행 · 위→아래 · 좌→우 B번째 · 붙이지 않음 — 이 도면의 테두리 그리드가 텍스트가 아니고 글리프 사전에 E~H·2~8 이 없다,C-1 중복 순번,8300075c1eb5b91e
41,D00P-10PGB10-M05-0007,FIELD,PI,description,UNIT #12 CCW GT CONTROL OIL COOLER PRESSURE,UNIT #12 CCW GT CONTROL OIL COOLER PRESSURE C,같은 도면에 같은 문장 4행 · 위→아래 · 좌→우 C번째 · 붙이지 않음 — 이 도면의 테두리 그리드가 텍스트가 아니고 글리프 사전에 E~H·2~8 이 없다,C-1 중복 순번,858cde62efd65eb5
41,D00P-10PGB10-M05-0007,FIELD,PI,description,UNIT #12 CCW GT CONTROL OIL COOLER PRESSURE,UNIT #12 CCW GT CONTROL OIL COOLER PRESSURE A,같은 도면에 같은 문장 4행 · 위→아래 · 좌→우 A번째 · 붙이지 않음 — 이 도면의 테두리 그리드가 텍스트가 아니고 글리프 사전에 E~H·2~8 이 없다,C-1 중복 순번,8b61706fc6665f6f
41,D00P-10PGB10-M05-0007,FIELD,PI,description,UNIT #12 CCW GT FUEL OIL PURGE AIR COOLER PRESSURE,UNIT #12 CCW GT FUEL OIL PURGE AIR COOLER PRESSURE A,같은 도면에 같은 문장 2행 · 위→아래 · 좌→우 A번째 · 붙이지 않음 — 이 도면의 테두리 그리드가 텍스트가 아니고 글리프 사전에 E~H·2~8 이 없다,C-1 중복 순번,a6a99db5b5fdab5a
41,D00P-10PGB10-M05-0007,FIELD,PI,description,UNIT #12 CCW GT CONTROL OIL COOLER PRESSURE,UNIT #12 CCW GT CONTROL OIL COOLER PRESSURE B,같은 도면에 같은 문장 4행 · 위→아래 · 좌→우 B번째 · 붙이지 않음 — 이 도면의 테두리 그리드가 텍스트가 아니고 글리프 사전에 E~H·2~8 이 없다,C-1 중복 순번,a7db89215c509727
41,D00P-10PGB10-M05-0007,FIELD,TI,description,UNIT #12 CCW GT GENERATOR HYDROGEN GAS COOLER RETURN TEMPERATURE,UNIT #12 CCW GT GENERATOR HYDROGEN GAS COOLER RETURN TEMPERATURE A,같은 도면에 같은 문장 2행 · 위→아래 · 좌→우 A번째 · 붙이지 않음 — 이 도면의 테두리 그리드가 텍스트가 아니고 글리프 사전에 E~H·2~8 이 없다,C-1 중복 순번,a80c4ce659979933
41,D00P-10PGB10-M05-0007,FIELD,PI,description,UNIT #12 CCW GT CONTROL OIL COOLER PRESSURE,UNIT #12 CCW GT CONTROL OIL COOLER PRESSURE D,같은 도면에 같은 문장 4행 · 위→아래 · 좌→우 D번째 · 붙이지 않음 — 이 도면의 테두리 그리드가 텍스트가 아니고 글리프 사전에 E~H·2~8 이 없다,C-1 중복 순번,d5f087fc3488c7d9
41,D00P-10PGB10-M05-0007,FIELD,TI,description,UNIT #12 CCW GT CONTROL OIL COOLER RETURN TEMPERATURE,UNIT #12 CCW GT CONTROL OIL COOLER RETURN TEMPERATURE A,같은 도면에 같은 문장 3행 · 위→아래 · 좌→우 A번째 · 붙이지 않음 — 이 도면의 테두리 그리드가 텍스트가 아니고 글리프 사전에 E~H·2~8 이 없다,C-1 중복 순번,da432dba1ec6b749
41,D00P-10PGB10-M05-0007,FIELD,TI,description,UNIT #12 CCW GT 2C COOLER RETURN TEMPERATURE,UNIT #12 CCW GT 2C COOLER RETURN TEMPERATURE A,같은 도면에 같은 문장 2행 · 위→아래 · 좌→우 A번째 · 붙이지 않음 — 이 도면의 테두리 그리드가 텍스트가 아니고 글리프 사전에 E~H·2~8 이 없다,C-1 중복 순번,e1071ec5c4ed1169
41,D00P-10PGB10-M05-0007,FIELD,PI,description,UNIT #12 CCW GT GENERATOR HYDROGEN GAS COOLER PRESSURE,UNIT #12 CCW GT GENERATOR HYDROGEN GAS COOLER PRESSURE E,같은 도면에 같은 문장 6행 · 위→아래 · 좌→우 E번째 · 붙이지 않음 — 이 도면의 테두리 그리드가 텍스트가 아니고 글리프 사전에 E~H·2~8 이 없다,C-1 중복 순번,ecb4eb7c4452c756
41,D00P-10PGB10-M05-0007,FIELD,TI,description,UNIT #12 CCW GT 2C COOLER RETURN TEMPERATURE,UNIT #12 CCW GT 2C COOLER RETURN TEMPERATURE B,같은 도면에 같은 문장 2행 · 위→아래 · 좌→우 B번째 · 붙이지 않음 — 이 도면의 테두리 그리드가 텍스트가 아니고 글리프 사전에 E~H·2~8 이 없다,C-1 중복 순번,ee85518aca92c975
41,D00P-10PGB10-M05-0007,FIELD,PI,description,UNIT #12 CCW GT GENERATOR HYDROGEN GAS COOLER PRESSURE,UNIT #12 CCW GT GENERATOR HYDROGEN GAS COOLER PRESSURE F,같은 도면에 같은 문장 6행 · 위→아래 · 좌→우 F번째 · 붙이지 않음 — 이 도면의 테두리 그리드가 텍스트가 아니고 글리프 사전에 E~H·2~8 이 없다,C-1 중복 순번,f044094f4665a994
46,D00P-00GHC10-M05-0001,FIELD,PI,description,SERVICE WATER SUPPLY PUMP PRESSURE,SERVICE WATER SUPPLY PUMP PRESSURE A,같은 도면에 같은 문장 3행 · 위→아래 · 좌→우 A번째 · 붙이지 않음 — 이 도면의 테두리 그리드가 텍스트가 아니고 글리프 사전에 E~H·2~8 이 없다,C-1 중복 순번,3b85d654fa1233a6
46,D00P-00GHC10-M05-0001,FIELD,PI,description,SERVICE WATER SUPPLY PUMP PRESSURE,SERVICE WATER SUPPLY PUMP PRESSURE B,같은 도면에 같은 문장 3행 · 위→아래 · 좌→우 B번째 · 붙이지 않음 — 이 도면의 테두리 그리드가 텍스트가 아니고 글리프 사전에 E~H·2~8 이 없다,C-1 중복 순번,47d398653f8f7fb4
46,D00P-00GHC10-M05-0001,FIELD,LIT,description,DESALINATED WATER BUFFER TANK A B LEVEL,DESALINATED WATER BUFFER TANK A B LEVEL B,같은 도면에 같은 문장 2행 · 위→아래 · 좌→우 B번째 · 붙이지 않음 — 이 도면의 테두리 그리드가 텍스트가 아니고 글리프 사전에 E~H·2~8 이 없다,C-1 중복 순번,5a241d7ede3b6f29
46,D00P-00GHC10-M05-0001,FIELD,LIT,description,DESALINATED WATER BUFFER TANK A A LEVEL,DESALINATED WATER BUFFER TANK A A LEVEL C,같은 도면에 같은 문장 3행 · 위→아래 · 좌→우 C번째 · 붙이지 않음 — 이 도면의 테두리 그리드가 텍스트가 아니고 글리프 사전에 E~H·2~8 이 없다,C-1 중복 순번,66e8f60e8a2e33a0
46,D00P-00GHC10-M05-0001,FIELD,PI,description,SERVICE WATER SUPPLY PUMP PRESSURE,SERVICE WATER SUPPLY PUMP PRESSURE C,같은 도면에 같은 문장 3행 · 위→아래 · 좌→우 C번째 · 붙이지 않음 — 이 도면의 테두리 그리드가 텍스트가 아니고 글리프 사전에 E~H·2~8 이 없다,C-1 중복 순번,a2ee7fb35c7f9fde
46,D00P-00GHC10-M05-0001,FIELD,LI,description,DESALINATED WATER BUFFER TANK A A LEVEL,DESALINATED WATER BUFFER TANK A A LEVEL A,같은 도면에 같은 문장 3행 · 위→아래 · 좌→우 A번째 · 붙이지 않음 — 이 도면의 테두리 그리드가 텍스트가 아니고 글리프 사전에 E~H·2~8 이 없다,C-1 중복 순번,aa99c272d5b84b9d
46,D00P-00GHC10-M05-0001,FIELD,LIT,description,DESALINATED WATER BUFFER TANK A A LEVEL,DESALINATED WATER BUFFER TANK A A LEVEL B,같은 도면에 같은 문장 3행 · 위→아래 · 좌→우 B번째 · 붙이지 않음 — 이 도면의 테두리 그리드가 텍스트가 아니고 글리프 사전에 E~H·2~8 이 없다,C-1 중복 순번,b492c3001bb6cd12
46,D00P-00GHC10-M05-0001,FIELD,LIT,description,DESALINATED WATER BUFFER TANK A B LEVEL,DESALINATED WATER BUFFER TANK A B LEVEL A,같은 도면에 같은 문장 2행 · 위→아래 · 좌→우 A번째 · 붙이지 않음 — 이 도면의 테두리 그리드가 텍스트가 아니고 글리프 사전에 E~H·2~8 이 없다,C-1 중복 순번,fde6caca278366ed
47,D00P-00GHC10-M05-0001,FIELD,LIT,description,DEMINERALIZED WATER STORAGE TANK A LEVEL,DEMINERALIZED WATER STORAGE TANK A LEVEL A,같은 도면에 같은 문장 2행 · 위→아래 · 좌→우 A번째 · 붙이지 않음 — 이 도면의 테두리 그리드가 텍스트가 아니고 글리프 사전에 E~H·2~8 이 없다,C-1 중복 순번,1499a2ba48c2921b
47,D00P-00GHC10-M05-0001,FIELD,LIT,description,DEMINERALIZED WATER STORAGE TANK A LEVEL,DEMINERALIZED WATER STORAGE TANK A LEVEL B,같은 도면에 같은 문장 2행 · 위→아래 · 좌→우 B번째 · 붙이지 않음 — 이 도면의 테두리 그리드가 텍스트가 아니고 글리프 사전에 E~H·2~8 이 없다,C-1 중복 순번,200bbeda54b1572e
47,D00P-00GHC10-M05-0001,FIELD,RO,description,DEMINERALIZED WATER SUPPLY PUMP RESTRICTION ORIFICE,DEMINERALIZED WATER SUPPLY PUMP RESTRICTION ORIFICE B,같은 도면에 같은 문장 3행 · 위→아래 · 좌→우 B번째 · 붙이지 않음 — 이 도면의 테두리 그리드가 텍스트가 아니고 글리프 사전에 E~H·2~8 이 없다,C-1 중복 순번,56370d6eee9609c3
47,D00P-00GHC10-M05-0001,FIELD,PI,description,DEMINERALIZED WATER SUPPLY PUMP PRESSURE,DEMINERALIZED WATER SUPPLY PUMP PRESSURE D,같은 도면에 같은 문장 5행 · 위→아래 · 좌→우 D번째 · 붙이지 않음 — 이 도면의 테두리 그리드가 텍스트가 아니고 글리프 사전에 E~H·2~8 이 없다,C-1 중복 순번,a3d9260e45974c83
47,D00P-00GHC10-M05-0001,FIELD,PI,description,DEMINERALIZED WATER SUPPLY PUMP PRESSURE,DEMINERALIZED WATER SUPPLY PUMP PRESSURE C,같은 도면에 같은 문장 5행 · 위→아래 · 좌→우 C번째 · 붙이지 않음 — 이 도면의 테두리 그리드가 텍스트가 아니고 글리프 사전에 E~H·2~8 이 없다,C-1 중복 순번,b48e4a3c3339a5ec
47,D00P-00GHC10-M05-0001,FIELD,PI,description,DEMINERALIZED WATER SUPPLY PUMP PRESSURE,DEMINERALIZED WATER SUPPLY PUMP PRESSURE E,같은 도면에 같은 문장 5행 · 위→아래 · 좌→우 E번째 · 붙이지 않음 — 이 도면의 테두리 그리드가 텍스트가 아니고 글리프 사전에 E~H·2~8 이 없다,C-1 중복 순번,b528f177394eba9a
47,D00P-00GHC10-M05-0001,FIELD,PI,description,DEMINERALIZED WATER SUPPLY PUMP PRESSURE,DEMINERALIZED WATER SUPPLY PUMP PRESSURE A,같은 도면에 같은 문장 5행 · 위→아래 · 좌→우 A번째 · 붙이지 않음 — 이 도면의 테두리 그리드가 텍스트가 아니고 글리프 사전에 E~H·2~8 이 없다,C-1 중복 순번,be13cd4f82b123ee
47,D00P-00GHC10-M05-0001,FIELD,RO,description,DEMINERALIZED WATER SUPPLY PUMP RESTRICTION ORIFICE,DEMINERALIZED WATER SUPPLY PUMP RESTRICTION ORIFICE C,같은 도면에 같은 문장 3행 · 위→아래 · 좌→우 C번째 · 붙이지 않음 — 이 도면의 테두리 그리드가 텍스트가 아니고 글리프 사전에 E~H·2~8 이 없다,C-1 중복 순번,e2a879fe725d7129
47,D00P-00GHC10-M05-0001,FIELD,RO,description,DEMINERALIZED WATER SUPPLY PUMP RESTRICTION ORIFICE,DEMINERALIZED WATER SUPPLY PUMP RESTRICTION ORIFICE A,같은 도면에 같은 문장 3행 · 위→아래 · 좌→우 A번째 · 붙이지 않음 — 이 도면의 테두리 그리드가 텍스트가 아니고 글리프 사전에 E~H·2~8 이 없다,C-1 중복 순번,e3575d4af3b241dd
47,D00P-00GHC10-M05-0001,FIELD,PI,description,DEMINERALIZED WATER SUPPLY PUMP PRESSURE,DEMINERALIZED WATER SUPPLY PUMP PRESSURE B,같은 도면에 같은 문장 5행 · 위→아래 · 좌→우 B번째 · 붙이지 않음 — 이 도면의 테두리 그리드가 텍스트가 아니고 글리프 사전에 E~H·2~8 이 없다,C-1 중복 순번,ea222ba843ae1a5b
49,D00P-00GHB10-M05-0001,FIELD,LIT,description,WATER AND FIRE STORAGE TANK B LEVEL,WATER AND FIRE STORAGE TANK B LEVEL C,같은 도면에 같은 문장 3행 · 위→아래 · 좌→우 C번째 · 붙이지 않음 — 이 도면의 테두리 그리드가 텍스트가 아니고 글리프 사전에 E~H·2~8 이 없다,C-1 중복 순번,3bc5dbc25220ec2c
49,D00P-00GHB10-M05-0001,FIELD,LI,description,WATER AND FIRE STORAGE TANK A LEVEL,WATER AND FIRE STORAGE TANK A LEVEL A,같은 도면에 같은 문장 3행 · 위→아래 · 좌→우 A번째 · 붙이지 않음 — 이 도면의 테두리 그리드가 텍스트가 아니고 글리프 사전에 E~H·2~8 이 없다,C-1 중복 순번,4f2c638e6fd592f7
49,D00P-00GHB10-M05-0001,FIELD,LI,description,WATER AND FIRE STORAGE TANK B LEVEL,WATER AND FIRE STORAGE TANK B LEVEL A,같은 도면에 같은 문장 3행 · 위→아래 · 좌→우 A번째 · 붙이지 않음 — 이 도면의 테두리 그리드가 텍스트가 아니고 글리프 사전에 E~H·2~8 이 없다,C-1 중복 순번,6014018641cb2815
49,D00P-00GHB10-M05-0001,FIELD,LIT,description,WATER AND FIRE STORAGE TANK B LEVEL,WATER AND FIRE STORAGE TANK B LEVEL B,같은 도면에 같은 문장 3행 · 위→아래 · 좌→우 B번째 · 붙이지 않음 — 이 도면의 테두리 그리드가 텍스트가 아니고 글리프 사전에 E~H·2~8 이 없다,C-1 중복 순번,6ab7cd0af7c7d71c
49,D00P-00GHB10-M05-0001,FIELD,LIT,description,WATER AND FIRE STORAGE TANK A LEVEL,WATER AND FIRE STORAGE TANK A LEVEL B,같은 도면에 같은 문장 3행 · 위→아래 · 좌→우 B번째 · 붙이지 않음 — 이 도면의 테두리 그리드가 텍스트가 아니고 글리프 사전에 E~H·2~8 이 없다,C-1 중복 순번,8bfed5d06b853e45
49,D00P-00GHB10-M05-0001,FIELD,LIT,description,WATER AND FIRE STORAGE TANK A LEVEL,WATER AND FIRE STORAGE TANK A LEVEL C,같은 도면에 같은 문장 3행 · 위→아래 · 좌→우 C번째 · 붙이지 않음 — 이 도면의 테두리 그리드가 텍스트가 아니고 글리프 사전에 E~H·2~8 이 없다,C-1 중복 순번,e7c16e8f9bd989e8
51,D00P-00GKB10-M05-0001,FIELD,LIT,description,POTABLE WATER STORAGE TANK LEVEL,POTABLE WATER STORAGE TANK LEVEL B,같은 도면에 같은 문장 2행 · 위→아래 · 좌→우 B번째 · 붙이지 않음 — 이 도면의 테두리 그리드가 텍스트가 아니고 글리프 사전에 E~H·2~8 이 없다,C-1 중복 순번,df674d99b0fd367f
51,D00P-00GKB10-M05-0001,FIELD,LIT,description,POTABLE WATER STORAGE TANK LEVEL,POTABLE WATER STORAGE TANK LEVEL A,같은 도면에 같은 문장 2행 · 위→아래 · 좌→우 A번째 · 붙이지 않음 — 이 도면의 테두리 그리드가 텍스트가 아니고 글리프 사전에 E~H·2~8 이 없다,C-1 중복 순번,f29b70c61eddcbe6
52,D00P-00GMA10-M05-0001,FIELD,LS,description,AREA CHEMICAL SUMP PUMP #11 LEVEL HIGH HIGH,AREA CHEMICAL SUMP PUMP #11 LEVEL HIGH HIGH B,같은 도면에 같은 문장 2행 · 위→아래 · 좌→우 B번째 · 붙이지 않음 — 이 도면의 테두리 그리드가 텍스트가 아니고 글리프 사전에 E~H·2~8 이 없다,C-1 중복 순번,4dffcadbb4b6aaa6
52,D00P-00GMA10-M05-0001,FIELD,LS,description,AREA CHEMICAL SUMP PUMP #11 LEVEL HIGH HIGH,AREA CHEMICAL SUMP PUMP #11 LEVEL HIGH HIGH A,같은 도면에 같은 문장 2행 · 위→아래 · 좌→우 A번째 · 붙이지 않음 — 이 도면의 테두리 그리드가 텍스트가 아니고 글리프 사전에 E~H·2~8 이 없다,C-1 중복 순번,52ce0396f03e1a14
52,D00P-00GMA10-M05-0001,FIELD,LS,description,AREA CHEMICAL SUMP PUMP #12 HRSG LEVEL HIGH HIGH,AREA CHEMICAL SUMP PUMP #12 HRSG LEVEL HIGH HIGH A,같은 도면에 같은 문장 2행 · 위→아래 · 좌→우 A번째 · 붙이지 않음 — 이 도면의 테두리 그리드가 텍스트가 아니고 글리프 사전에 E~H·2~8 이 없다,C-1 중복 순번,92b574f68f268746
52,D00P-00GMA10-M05-0001,FIELD,LS,description,AREA CHEMICAL SUMP PUMP #12 HRSG LEVEL HIGH HIGH,AREA CHEMICAL SUMP PUMP #12 HRSG LEVEL HIGH HIGH B,같은 도면에 같은 문장 2행 · 위→아래 · 좌→우 B번째 · 붙이지 않음 — 이 도면의 테두리 그리드가 텍스트가 아니고 글리프 사전에 E~H·2~8 이 없다,C-1 중복 순번,ebc88bf6846e2011
53,D00P-00GMB10-M05-0001,FIELD,LS,description,BFP AREA OILY SUMP PUMP #22 LEVEL HIGH HIGH,BFP AREA OILY SUMP PUMP #22 LEVEL HIGH HIGH A,같은 도면에 같은 문장 2행 · 위→아래 · 좌→우 A번째 · 붙이지 않음 — 이 도면의 테두리 그리드가 텍스트가 아니고 글리프 사전에 E~H·2~8 이 없다,C-1 중복 순번,528cd7ae5234c179
53,D00P-00GMB10-M05-0001,FIELD,LS,description,BFP AREA OILY SUMP PUMP #22 LEVEL HIGH HIGH,BFP AREA OILY SUMP PUMP #22 LEVEL HIGH HIGH B,같은 도면에 같은 문장 2행 · 위→아래 · 좌→우 B번째 · 붙이지 않음 — 이 도면의 테두리 그리드가 텍스트가 아니고 글리프 사전에 E~H·2~8 이 없다,C-1 중복 순번,63e26d9526a10295
54,D00P-00GMB10-M05-0002,FIELD,LS,description,ST TR & EDG AREA OILY SUMP PUMP #20 LEVEL HIGH HIGH,ST TR & EDG AREA OILY SUMP PUMP #20 LEVEL HIGH HIGH A,같은 도면에 같은 문장 2행 · 위→아래 · 좌→우 A번째 · 붙이지 않음 — 이 도면의 테두리 그리드가 텍스트가 아니고 글리프 사전에 E~H·2~8 이 없다,C-1 중복 순번,6f7db26ec16f663e
54,D00P-00GMB10-M05-0002,FIELD,LS,description,ST TR & EDG AREA OILY SUMP PUMP #20 LEVEL HIGH HIGH,ST TR & EDG AREA OILY SUMP PUMP #20 LEVEL HIGH HIGH B,같은 도면에 같은 문장 2행 · 위→아래 · 좌→우 B번째 · 붙이지 않음 — 이 도면의 테두리 그리드가 텍스트가 아니고 글리프 사전에 E~H·2~8 이 없다,C-1 중복 순번,ab6da0ef1dc28c8d
56,D00P-00GQA10-M05-0001,FIELD,LS,description,BUILDING SANITARY SUMP PUMP SF FACILITIES OFFICE LEVEL HIGH HIGH,BUILDING SANITARY SUMP PUMP SF FACILITIES OFFICE LEVEL HIGH HIGH A,같은 도면에 같은 문장 2행 · 위→아래 · 좌→우 A번째 · 붙이지 않음 — 이 도면의 테두리 그리드가 텍스트가 아니고 글리프 사전에 E~H·2~8 이 없다,C-1 중복 순번,2cd2662c9e17dd0c
56,D00P-00GQA10-M05-0001,FIELD,LS,description,BUILDING SANITARY SUMP PUMP SF FACILITIES OFFICE LEVEL HIGH HIGH,BUILDING SANITARY SUMP PUMP SF FACILITIES OFFICE LEVEL HIGH HIGH B,같은 도면에 같은 문장 2행 · 위→아래 · 좌→우 B번째 · 붙이지 않음 — 이 도면의 테두리 그리드가 텍스트가 아니고 글리프 사전에 E~H·2~8 이 없다,C-1 중복 순번,69386a6b7e98b344
